PACE_NUMBER,PACE_NAME,STATUS,PROGRAM,SUB_PROGRAM,FORECAST_YEAR,SOURCE_JOB_NUMBER,RAN_REGION,MARKET,SUBMARKET,LATITUDE,LONGITUDE,PRODUCT_GROUP,PRODUCT_SUBGROUP,NATIONAL_PROGRAM,USID,FA_LOCATION_CODE,CURRENT_NEED_BY_DATE,ONAIR_PLAN,ONAIR_FORECAST,ONAIR_ACTUAL,ROW_NUM
MRNTX042633,TOWN EAST MALL DAS (Carrier Add),Active,IB ALL,IB-LTE Next Carrier,2020,CR_-RNTX-18-06491,CENTRAL,NORTH TEXAS,DALLAS FT. WORTH,32.808,-96.6241939,LTE Next Carrier,iDAS,IB-LTE Next Carrier,55529,10015577,09-30-2019,null,06-30-2020,null,214
MRCHI026057,TRIBUNE TOWER DAS ISE(P3) -  LTE),Active,IB ALL,IB-LTE Overlay,2020,CR_-RCHI-17-02468,CENTRAL,ILLINOIS/WISCONSIN,CHICAGO,41.8906667,-87.6238333,LTE Overlay,iDAS,IB-LTE Overlay,53560,10029296,12-31-2019,null,12-31-2020,null,13
MRIND034427,FIAT CHRYSLER CTC ISE DAS MOD,Active,IB ALL,IB-DAS Modification,2020,NER-RIND-18-05966,CENTRAL,MICHIGAN/INDIANA,DETROIT,42.654444,-83.22833,DAS Modification,Other MOD,IB-DAS Modification,40481,10036491,12-31-2019,null,12-18-2020,null,110
MRNTX038471,American Airlines Center IB Densification,Active,IB ALL,IB-DAS Modification,2020,CR_-RNTX-18-03004,CENTRAL,NORTH TEXAS,DALLAS FT. WORTH,32.7915561,-96.80925,DAS Modification,Capacity MOD,IB-DAS Modification,82359,10042514,12-31-2020,null,06-30-2020,null,206
MRNTX036870,DFW Airport (DAS MOD),Active,IB ALL,IB-DAS Modification,2020,CR_-RNTX-17-14292,CENTRAL,NORTH TEXAS,DALLAS FT. WORTH,32.8973889,-97.0345281,DAS Modification,Other MOD,IB-DAS Modification,55954,10042525,06-28-2019,null,06-30-2020,null,196
MRSTX031161,Texas State Capitol Austin- RFP,Active,IB ALL,IB-DAS Modification,2020,CR_-RSTX-16-04236,CENTRAL,SOUTH TEXAS,AUSTIN,30.27467,-97.74033,DAS Modification,Other MOD,IB-DAS Modification,62766,10064776,12-31-2019,null,08-02-2020,null,276
MRNTX037816,TI South Campus Inbuilding (Carrier Add),Active,IB ALL,IB-LTE Next Carrier,2020,CR_-RNTX-18-00021,CENTRAL,NORTH TEXAS,DALLAS FT. WORTH,32.9111,-96.7525,LTE Next Carrier,iDAS,IB-LTE Next Carrier,88105,10065755,12-31-2018,null,06-30-2020,null,205
MRKSL028373,West County Mall (Carrier Add),Active,IB ALL,IB-LTE Next Carrier,2020,CR_-RKSL-18-04092,CENTRAL,GREATER MIDWEST,ST. LOUIS,38.6001944,-90.4467778,LTE Next Carrier,iDAS,IB-LTE Next Carrier,56804,10065823,11-29-2019,null,12-18-2020,null,162
MRCHI025339,PRITZGER HYATT DAS ISE(P3) -  LTE),Active,IB ALL,IB-LTE Overlay,2020,CR_-RCHI-17-01846,CENTRAL,ILLINOIS/WISCONSIN,CHICAGO,41.881288,-87.636673,LTE Overlay,iDAS,IB-LTE Overlay,88822,10066296,12-31-2018,null,12-31-2020,null,12
MRCHI025268,TELLABS NAPERVILLE DAS ISE(P3) -  LTE),Active,IB ALL,IB-LTE Overlay,2020,CR_-RCHI-17-01844,CENTRAL,ILLINOIS/WISCONSIN,CHICAGO,41.802917,-88.19173,LTE Overlay,iDAS,IB-LTE Overlay,35014,10074788,12-31-2018,null,12-31-2020,null,8
MRSTX048577,ABIA  Austin International Airport (Carrier Add),Active,IB ALL,IB-LTE Next Carrier,2020,CR_-RSTX-18-14426,CENTRAL,SOUTH TEXAS,AUSTIN,30.2052778,-97.6666667,LTE Next Carrier,iDAS,IB-LTE Next Carrier,7871,10078310,06-28-2019,null,01-04-2020,null,325
MRNTX042635,ALCATEL-IN BUILDING DAS ISE (Carrier Add),Active,IB ALL,IB-LTE Next Carrier,2020,CR_-RNTX-18-06493,CENTRAL,NORTH TEXAS,DALLAS FT. WORTH,33.008992,-96.759447,LTE Next Carrier,iDAS,IB-LTE Next Carrier,64092,10092201,11-29-2019,null,06-30-2020,null,215
MRNTX029099,BAYLOR REG MEDICAL CENTER DAS ISE(P3) -  LTE),Active,IB ALL,IB-LTE Overlay,2020,CR_-RNTX-17-04184,CENTRAL,NORTH TEXAS,DALLAS FT. WORTH,33.0148,-96.7907,LTE Overlay,iDAS,IB-LTE Overlay,64091,10098386,12-31-2018,null,06-30-2020,null,188
MRCHI022651,BANK OF AMERICA DAS ISE (P2) - LTE),Active,IB ALL,IB-LTE Overlay,2020,CR_-RCHI-16-01542,CENTRAL,ILLINOIS/WISCONSIN,CHICAGO,41.882261,-87.641849,LTE Overlay,iDAS,IB-LTE Overlay,79514,10106523,12-31-2018,null,12-31-2020,null,4
MRNTX029761,MARY KAY INBUILDING DAS ISE(P3) -  LTE) (ERICSSON HET-NET),Active,IB ALL,IB-LTE Overlay,2020,CR_-RNTX-17-07627,CENTRAL,NORTH TEXAS,DALLAS FT. WORTH,32.9710278,-96.8218889,LTE Overlay,iDAS,IB-LTE Overlay,51194,10106748,12-31-2018,null,06-30-2020,null,191
MRSTX041725,Shell Westhollow (Carrier Add),Active,IB ALL,IB-LTE Next Carrier,2020,CR_-RSTX-18-04313,CENTRAL,SOUTH TEXAS,HOUSTON,29.72629,-95.64373,LTE Next Carrier,iDAS,IB-LTE Next Carrier,48413,10108160,01-31-2019,null,08-18-2020,null,305
MRUMW019808,WEST GROUP WOS DAS ISE(P3) -  LTE),Active,IB ALL,IB-LTE Overlay,2020,CR_-RUMW-17-02561,CENTRAL,NORTHERN PLAINS,MINNESOTA,44.824677,-93.112517,LTE Overlay,iDAS,IB-LTE Overlay,47157,10108458,12-31-2018,null,01-31-2020,null,332
MRSTX041729,TOYOTA PLANT SAN ANTONIO DAS ISE (Carrier Add),Active,IB ALL,IB-LTE Next Carrier,2020,CR_-RSTX-18-04332,CENTRAL,SOUTH TEXAS,SAN ANTONIO,29.2367778,-98.5454722,LTE Next Carrier,iDAS,IB-LTE Next Carrier,105101,10109843,10-31-2018,null,08-22-2020,null,309
MRSTX041715,IAH International Airport Terminal A Expansion - DAS MOD,Active,IB ALL,IB-DAS Modification,2020,CR_-RSTX-18-04323,CENTRAL,SOUTH TEXAS,HOUSTON,29.989,-95.345,DAS Modification,Other MOD,IB-DAS Modification,85712,10110525,12-31-2019,null,10-13-2020,null,300
MROAR025675,WALMART DAVID GLASS TECHNOLOGY CENTER (Carrier Add),Active,IB ALL,IB-LTE Next Carrier,2020,CR_-ROAR-18-02889,CENTRAL,ARKANSAS/OKLAHOMA,ARKANSAS,36.3663461,-94.2191331,LTE Next Carrier,iDAS,IB-LTE Next Carrier,86019,10112758,06-28-2019,null,06-05-2020,null,254
MRNTX029775,PIER ONE HG DAS ISE (P3) -  LTE) (ERICSSON HET-NET),Active,IB ALL,IB-LTE Overlay,2020,CR_-RNTX-17-09251,CENTRAL,NORTH TEXAS,DALLAS FT. WORTH,32.7523333,-97.34175,LTE Overlay,iDAS,IB-LTE Overlay,48118,10113352,12-31-2019,null,06-30-2020,null,194
MRNTX042632,ATMOS ENERGY DAS ISE (Carrier Add),Active,IB ALL,IB-LTE Next Carrier,2020,CR_-RNTX-18-06494,CENTRAL,NORTH TEXAS,DALLAS FT. WORTH,32.9223333,-96.81775,LTE Next Carrier,iDAS,IB-LTE Next Carrier,84635,10114033,06-28-2019,null,06-30-2020,null,213
MRCHI036447,Midway Airport (Carrier Add),Active,IB ALL,IB-LTE Next Carrier,2020,CR_-RCHI-18-03145,CENTRAL,ILLINOIS/WISCONSIN,CHICAGO,41.7896667,-87.7421667,LTE Next Carrier,iDAS,IB-LTE Next Carrier,88617,10116892,11-29-2019,null,12-31-2020,null,61
MRNTX029093,HARRIS METHODIST DAS ISE(P3) -  LTE),Active,IB ALL,IB-LTE Overlay,2020,CR_-RNTX-17-04181,CENTRAL,NORTH TEXAS,DALLAS FT. WORTH,32.7384719,-97.3391111,LTE Overlay,iDAS,IB-LTE Overlay,87915,10116894,12-31-2018,null,06-30-2020,null,187
MRIND033550,IU Health Hospital (Carrier Add),Active,IB ALL,IB-LTE Next Carrier,2020,NER-RIND-18-04349,CENTRAL,MICHIGAN/INDIANA,INDIANAPOLIS,39.775678,-86.176797,LTE Next Carrier,iDAS,IB-LTE Next Carrier,88397,10117156,04-30-2019,null,01-15-2020,null,102
MRSTX048571,LONG CREEK (Carrier Add),Active,IB ALL,IB-LTE Next Carrier,2020,CR_-RSTX-18-14430,CENTRAL,SOUTH TEXAS,SAN ANTONIO,29.666903,-98.400892,LTE Next Carrier,iDAS,IB-LTE Next Carrier,109731,10117227,06-28-2019,null,01-06-2020,null,321
MRNTX024193,ASG ISE LTE OVERLAY POD CITIGROUP,Active,IB ALL,IB-LTE Overlay,2020,CR_-RNTX-16-04477,CENTRAL,NORTH TEXAS,DALLAS FT. WORTH,32.8985,-96.9550831,LTE Overlay,Venue,IB-LTE Overlay,88384,10117393,12-31-2018,null,06-30-2020,null,182
MRSTX031156,CHEVRON DAS ISE(P3) -  LTE),Active,IB ALL,IB-LTE Overlay,2020,CR_-RSTX-17-04745,CENTRAL,SOUTH TEXAS,HOUSTON,29.7545889,-95.3720611,LTE Overlay,iDAS,IB-LTE Overlay,88510,10117499,12-31-2019,null,05-26-2020,null,275
MRNTX046921,SOUTHWEST AIRLINES DAS ISE (Carrier Add),Active,IB ALL,IB-LTE Next Carrier,2020,CR_-RNTX-18-13363,CENTRAL,NORTH TEXAS,DALLAS FT. WORTH,32.8453611,-96.8646111,LTE Next Carrier,iDAS,IB-LTE Next Carrier,88608,10117610,11-29-2019,null,06-30-2020,null,240
MRCHI025233,CLASSIFIED VENTURES DAS ISE(P2) -  LTE),Active,IB ALL,IB-LTE Overlay,2020,CR_-RCHI-17-01819,CENTRAL,ILLINOIS/WISCONSIN,CHICAGO,41.8780556,-87.6330556,LTE Overlay,iDAS,IB-LTE Overlay,93731,10117674,12-31-2018,null,12-31-2020,null,10
MRKSL030431,STL GALLERIA INBUILDING APPLE DAS Expansion - DAS MOD,Active,IB ALL,IB-DAS Modification,2020,CR_-RKSL-18-08900,CENTRAL,GREATER MIDWEST,ST. LOUIS,38.6355,-90.348,DAS Modification,Other MOD,IB-DAS Modification,88889,10118242,01-31-2019,null,11-24-2020,null,171
MRNTX029764,FEDERAL RESERVE BANK DAS ISE(P3) -  LTE) (ERICSSON HET-NET),Active,IB ALL,IB-LTE Overlay,2020,CR_-RNTX-17-09258,CENTRAL,NORTH TEXAS,DALLAS FT. WORTH,32.7918056,-96.8005556,LTE Overlay,iDAS,IB-LTE Overlay,93091,10118814,12-31-2019,null,06-30-2020,null,192
MRSTX041727,AMD LONE STAR CAMPUS INBUILDING AUSTIN (Carrier Add),Active,IB ALL,IB-LTE Next Carrier,2020,CR_-RSTX-18-04334,CENTRAL,SOUTH TEXAS,AUSTIN,30.2505056,-97.8607389,LTE Next Carrier,iDAS,IB-LTE Next Carrier,97959,10127996,10-31-2018,null,08-26-2020,null,307
MRCHI034297,333 West Wacker (Chicago Pilot),Active,IB ALL,IB-New Site,2020,CR_-RCHI-18-00294,CENTRAL,ILLINOIS/WISCONSIN,CHICAGO,null,null,New Site,iDAS,IB-New Site,null,10128474,12-31-2019,null,12-31-2020,null,26
MROAR018200,SISTERS OF MERCY DAS ISE (P2) -  LTE),Active,IB ALL,IB-LTE Overlay,2020,CR_-ROAR-17-61023,CENTRAL,ARKANSAS/OKLAHOMA,ARKANSAS,36.3121944,-94.1798611,LTE Overlay,iDAS,IB-LTE Overlay,105082,10128545,12-31-2018,null,04-30-2020,null,243
MRUMW020679,DECC (FSM4 Swap) - DAS MOD,Active,IB ALL,IB-DAS Modification,2020,CR_-RUMW-17-00383,CENTRAL,NORTHERN PLAINS,MINNESOTA,46.781019,-92.100105,DAS Modification,ALU to Nokia FSM4 Swap,IB-DAS Modification,111358,10129225,12-31-2018,null,01-31-2020,null,333
MRSTX038916,CHEVRONPHILLIPS DAS ISE (P3) -  LTE),Active,IB ALL,IB-LTE Overlay,2020,CR_-RSTX-17-14433,CENTRAL,SOUTH TEXAS,HOUSTON,30.1644889,-95.4609111,LTE Overlay,iDAS,IB-LTE Overlay,99064,10129401,12-31-2019,null,08-14-2020,null,287
MRSTX045725,Kyle Field Stadium (Add LTE 4C (AWS-3 10MHz MIMO) to 42 DAS sectors.),Active,IB ALL,IB-LTE Next Carrier,2020,CR_-RSTX-18-09334,CENTRAL,SOUTH TEXAS,HOUSTON,30.62978,-96.34325,LTE Next Carrier,iDAS,IB-LTE Next Carrier,100972,10129608,06-28-2019,null,07-29-2020,null,317
MRSTX038918,Texas A&M University Campus (Campus Expansion/MOD - Crown Castle) - Wildlife Building,Active,IB ALL,IB-DAS Modification,2020,CR_-RSTX-18-01321,CENTRAL,SOUTH TEXAS,HOUSTON,30.62978,-96.34325,DAS Modification,Other MOD,IB-DAS Modification,100972,10129608,12-31-2018,null,05-02-2020,null,289
MRIND035785,Foremost Insurance (Carrier Add),Active,IB ALL,IB-LTE Next Carrier,2020,NER-RIND-18-06951,CENTRAL,MICHIGAN/INDIANA,OUTSTATE MI,42.8513536,-85.5126558,LTE Next Carrier,iDAS,IB-LTE Next Carrier,100277,10130419,08-30-2019,null,03-31-2020,null,130
MRSTX048578,GALLERIA MALL DAS VENUE (Carrier Add),Active,IB ALL,IB-LTE Next Carrier,2020,CR_-RSTX-18-14429,CENTRAL,SOUTH TEXAS,HOUSTON,29.739396,-95.462866,LTE Next Carrier,iDAS,IB-LTE Next Carrier,112959,10132402,06-28-2019,null,01-06-2020,null,326
MRKSL031409,Boeing 325 Hazelwood (Carrier Add),Active,IB ALL,IB-LTE Next Carrier,2020,CR_-RKSL-18-10611,CENTRAL,GREATER MIDWEST,ST. LOUIS,38.7694444,-90.3736111,LTE Next Carrier,iDAS,IB-LTE Next Carrier,102464,10132439,06-28-2019,null,03-30-2020,null,175
MRNTX038474,AT&T Stadium IB Densification,Active,IB ALL,IB-DAS Modification,2020,CR_-RNTX-18-03003,CENTRAL,NORTH TEXAS,DALLAS FT. WORTH,32.7470722,-97.0939111,DAS Modification,Capacity MOD,IB-DAS Modification,103489,10132797,12-31-2020,null,06-30-2020,null,207
MRIND033577,University of Michigan Stadium (Carrier Add),Active,IB ALL,IB-LTE Next Carrier,2020,NER-RIND-18-04439,CENTRAL,MICHIGAN/INDIANA,DETROIT,42.266154,-83.748444,LTE Next Carrier,iDAS,IB-LTE Next Carrier,106483,10133131,12-31-2019,null,08-01-2020,null,112
MRIND035342,University of Michigan Stadium (Carrier Add),Active,IB ALL,IB-LTE Next Carrier,2020,NER-RIND-18-06518,CENTRAL,MICHIGAN/INDIANA,DETROIT,42.266154,-83.748444,LTE Next Carrier,iDAS,IB-LTE Next Carrier,106483,10133131,01-31-2019,null,07-29-2020,null,122
MRSTX040295,HERITAGE PLAZA DELOITTE HOUSTON ISE MOD,Active,IB ALL,IB-DAS Modification,2020,CR_-RSTX-18-03393,CENTRAL,SOUTH TEXAS,HOUSTON,29.7587778,-95.3705167,DAS Modification,Other MOD,IB-DAS Modification,103477,10133606,12-31-2018,null,07-09-2020,null,293
MRKSL014800,Boeing Leadership Center (Verizon SLA) 3-18-2016,Active,IB ALL,IB-Neutral Host Tenant Add,2020,CR_-RKSL-16-00710,CENTRAL,GREATER MIDWEST,ST. LOUIS,38.8433361,-90.3210444,Neutral Host Tenant Add,iDAS,IB-Neutral Host Tenant Add,132194,10134372,12-31-2018,null,09-12-2020,null,139
MRCHI037119,1 STATE FARM BLOOMINGTON ISE DAS MOD,Active,IB ALL,IB-DAS Modification,2020,CR_-RCHI-18-03461,CENTRAL,ILLINOIS/WISCONSIN,CENTRAL ILLINOIS,40.4772472,-88.9553056,DAS Modification,Other MOD,IB-DAS Modification,104852,10135085,12-31-2018,null,12-31-2020,null,72
MRCHI037117,3 STATE FARM SOUTH BLOOMINGTON ISE DAS MOD,Active,IB ALL,IB-DAS Modification,2020,CR_-RCHI-18-03462,CENTRAL,ILLINOIS/WISCONSIN,CENTRAL ILLINOIS,40.4540694,-88.9522361,DAS Modification,Other MOD,IB-DAS Modification,104902,10135086,12-31-2018,null,12-31-2020,null,71
MROAR028068,WINSTAR CASINO DAS (Carrier Add),Active,IB ALL,IB-LTE Next Carrier,2020,CR_-ROAR-18-05443,CENTRAL,ARKANSAS/OKLAHOMA,OKLAHOMA CITY,33.759112,-97.128979,LTE Next Carrier,iDAS,IB-LTE Next Carrier,105084,10135093,12-31-2019,null,09-30-2020,null,262
MRNTX029765,ARMY CORP OF ENGINEERS DAS ISE(P3) -  LTE),Active,IB ALL,IB-LTE Overlay,2020,CR_-RNTX-17-09257,CENTRAL,NORTH TEXAS,DALLAS FT. WORTH,32.7503889,-97.3313889,LTE Overlay,iDAS,IB-LTE Overlay,105720,10135516,12-31-2019,null,06-30-2020,null,193
MRNTX046915,HOTEL DAS HOUSTON STREET (Carrier Add),Active,IB ALL,IB-LTE Next Carrier,2020,CR_-RNTX-18-13364,CENTRAL,NORTH TEXAS,DALLAS FT. WORTH,32.7489444,-97.3287778,LTE Next Carrier,iDAS,IB-LTE Next Carrier,107545,10136082,11-29-2019,null,06-30-2020,null,235
MRKSL028510,Arrowhead Stadium (Carrier Add),Active,IB ALL,IB-LTE Next Carrier,2020,CR_-RKSL-18-08855,CENTRAL,GREATER MIDWEST,KANSAS CITY,39.04816,-94.48495,LTE Next Carrier,iDAS,IB-LTE Next Carrier,136995,10138322,07-31-2019,null,08-15-2020,null,166
MRKSL028375,Kauffman Stadium (Carrier Add),Active,IB ALL,IB-LTE Next Carrier,2020,CR_-RKSL-18-04099,CENTRAL,GREATER MIDWEST,KANSAS CITY,39.05174,-94.48147,LTE Next Carrier,iDAS,IB-LTE Next Carrier,111823,10138323,03-29-2019,null,07-24-2020,null,164
MRNTX037814,Flower Mound ODAS (Carrier Add),Active,IB ALL,IB-LTE Next Carrier,2020,CR_-RNTX-18-00007,CENTRAL,NORTH TEXAS,DALLAS FT. WORTH,33.016056,-97.069472,LTE Next Carrier,iDAS,IB-LTE Next Carrier,107346,10140244,12-31-2018,null,06-30-2020,null,204
MRSTX042026,SCHLUMBERGER BLDG 225 SUGARLAND (ERICSSON HET-NET) ISE MOD,Active,IB ALL,IB-DAS Modification,2020,CR_-RSTX-18-04349,CENTRAL,SOUTH TEXAS,HOUSTON,29.6274556,-95.6098639,DAS Modification,Other MOD,IB-DAS Modification,107626,10140928,12-31-2018,null,06-15-2020,null,298
MRUMW027594,TCF Bank Stadium (Carrier Add),Active,IB ALL,IB-LTE Next Carrier,2020,CR_-RUMW-18-05762,CENTRAL,NORTHERN PLAINS,MINNESOTA,44.976134,-93.223813,LTE Next Carrier,iDAS,IB-LTE Next Carrier,111354,10141839,12-31-2019,null,12-31-2020,null,345
MRSTX039170,Texas Children's Hospital (T-Mobile AMD 2) 1900 Add,Active,IB ALL,IB-Neutral Host Tenant Add,2020,CR_-RSTX-18-01760,CENTRAL,SOUTH TEXAS,HOUSTON,29.708464,-95.402361,Neutral Host Tenant Add,iDAS,IB-Neutral Host Tenant Add,119736,10141895,12-31-2018,null,05-14-2020,null,291
MRSTX041713,TEXAS CHILDRENs HOSPITAL - EXPANSION (T-MOBILE MOD) 3RD AMD,Active,IB ALL,IB-Neutral Host Tenant Add,2020,CR_-RSTX-18-04214,CENTRAL,SOUTH TEXAS,HOUSTON,29.708464,-95.402361,Neutral Host Tenant Add,iDAS,IB-Neutral Host Tenant Add,119736,10141895,12-31-2018,null,05-22-2020,null,299
MRSTX048576,MEMORIAL VILLAGES OUTDOOR ODAS (Carrier Add),Active,IB ALL,IB-LTE Next Carrier,2020,CR_-RSTX-18-14425,CENTRAL,SOUTH TEXAS,HOUSTON,29.78372,-95.511,LTE Next Carrier,iDAS,IB-LTE Next Carrier,112100,10141902,06-28-2019,null,01-04-2020,null,324
MRSTX037236,GRAND HYATT HOTEL DAS VENUE (Carrier Add),Active,IB ALL,IB-LTE Next Carrier,2020,CR_-RSTX-17-14303,CENTRAL,SOUTH TEXAS,SAN ANTONIO,29.421414,-98.484363,LTE Next Carrier,iDAS,IB-LTE Next Carrier,118713,10141904,12-31-2018,null,04-28-2020,null,282
MRKSL015019,UNIVERSITY OF MISSOURI (FAUROT FIELD (T-MOBILE SLA) 5-26-2016,Active,IB ALL,IB-Neutral Host Tenant Add,2020,CR_-RKSL-16-00976,CENTRAL,GREATER MIDWEST,ST. LOUIS,38.9369222,-92.3326556,Neutral Host Tenant Add,iDAS,IB-Neutral Host Tenant Add,111842,10142148,12-31-2018,null,09-12-2020,null,140
MRKSL025027,University of Missouri Faurot Field at Memorial Stadium (Tiger),Active,IB ALL,IB-DAS Modification,2020,CR_-RKSL-17-07581,CENTRAL,GREATER MIDWEST,ST. LOUIS,38.9369222,-92.3326556,DAS Modification,Other MOD,IB-DAS Modification,111842,10142148,12-31-2019,null,08-15-2020,null,144
MRKSL028511,Faurot Field at Memorial Stadium - MU (Carrier Add),Active,IB ALL,IB-LTE Next Carrier,2020,CR_-RKSL-18-08856,CENTRAL,GREATER MIDWEST,ST. LOUIS,38.9369222,-92.3326556,LTE Next Carrier,iDAS,IB-LTE Next Carrier,111842,10142148,07-31-2019,null,12-18-2020,null,167
MROAR028018,WILLIAMS COMPANY DAS (Carrier Add),Active,IB ALL,IB-LTE Next Carrier,2020,CR_-ROAR-18-05444,CENTRAL,ARKANSAS/OKLAHOMA,TULSA OK,36.1553,-95.9906,LTE Next Carrier,iDAS,IB-LTE Next Carrier,110520,10142329,12-31-2019,null,10-30-2020,null,265
MRSTX044914,CENTERPOINT ENERGY HDQTRS ISE MOD,Active,IB ALL,IB-DAS Modification,2020,CR_-RSTX-18-08711,CENTRAL,SOUTH TEXAS,HOUSTON,29.7571111,-95.3679722,DAS Modification,Other MOD,IB-DAS Modification,109630,10142336,12-31-2019,null,09-19-2020,null,311
MRKSL023335,Kansas Speedway (Add LTE 3C (AWS 10MHz MIMO) to 1 DAS sector (iDAS #9).  Add LTE 4C (850 5MHz MIMO) to 9 sectors (1 iDAS #10 3 Infld #23-30 5 oDAS #32-35 41). Split 6 existing sectors (2 infld and 4 oDAS).  New DAS sectors to include LTE 1C,Active,IB ALL,IB-LTE Next Carrier,2020,CR_-RKSL-17-05567,CENTRAL,GREATER MIDWEST,KANSAS CITY,39.1212972,-94.8336944,LTE Next Carrier,iDAS,IB-LTE Next Carrier,111825,10142354,12-31-2018,null,06-29-2020,null,143
MRKSL011676,Sprint Center (College Basketball Experience)-NSB,Active,IB ALL,IB-New Site,2020,SCR-RKSL-13-00003,CENTRAL,GREATER MIDWEST,KANSAS CITY,39.0973139,-94.5799472,New Site,Venue,IB-New Site,111840,10142355,12-31-2019,null,09-18-2020,null,138
MRKSL031417,Mizzou Arena (Carrier Add),Active,IB ALL,IB-LTE Next Carrier,2020,CR_-RKSL-18-10614,CENTRAL,GREATER MIDWEST,ST. LOUIS,38.93247,-92.334317,LTE Next Carrier,iDAS,IB-LTE Next Carrier,111846,10142357,09-30-2019,null,02-15-2020,null,179
MRKSL020134,MIZZOU ARENA (T-Mobile Tenant SLA) 3.15.17,Active,IB ALL,IB-Neutral Host Tenant Add,2020,CR_-RKSL-17-01483,CENTRAL,GREATER MIDWEST,ST. LOUIS,38.93247,-92.334317,Neutral Host Tenant Add,iDAS,IB-Neutral Host Tenant Add,111846,10142357,03-30-2018,null,09-12-2020,null,141
MRCHI038207,Camp Randall (Carrier Add),Active,IB ALL,IB-LTE Next Carrier,2020,CR_-RCHI-18-04909,CENTRAL,ILLINOIS/WISCONSIN,WISCONSIN,43.0713806,-89.4120639,LTE Next Carrier,iDAS,IB-LTE Next Carrier,107265,10142365,09-30-2019,null,12-31-2020,null,83
MROAR023670,University of Arkansas Razorback Stadium (Verizon 1st AMD-AWS-3),Active,IB ALL,IB-Neutral Host Tenant Add,2020,CR_-ROAR-18-00054,CENTRAL,ARKANSAS/OKLAHOMA,ARKANSAS,36.067509,-94.175937,Neutral Host Tenant Add,iDAS,IB-Neutral Host Tenant Add,115025,10143900,08-31-2018,null,10-30-2020,null,249
MROAR023671,University of Arkansas Razorback Stadium (Verizon 2nd AMD N. End Zone Expansion),Active,IB ALL,IB-Neutral Host Tenant Add,2020,CR_-ROAR-18-00055,CENTRAL,ARKANSAS/OKLAHOMA,ARKANSAS,36.067509,-94.175937,Neutral Host Tenant Add,iDAS,IB-Neutral Host Tenant Add,115025,10143900,08-31-2018,null,10-30-2020,null,250
MRCHI038346,Merchandise Mart (Verizon MOD 1st AMD),Active,IB ALL,IB-Neutral Host Tenant Add,2020,CR_-RCHI-18-04634,CENTRAL,ILLINOIS/WISCONSIN,CHICAGO,41.88837,-87.635364,Neutral Host Tenant Add,iDAS,IB-Neutral Host Tenant Add,111458,10145410,07-31-2019,null,12-31-2020,null,86
MRCHI020261,Merchandise Mart (T-Mobile Tenant SLA) 5-13-2016,Active,IB ALL,IB-Neutral Host Tenant Add,2020,CR_-RCHI-16-01243,CENTRAL,ILLINOIS/WISCONSIN,CHICAGO,41.88837,-87.635364,Neutral Host Tenant Add,iDAS,IB-Neutral Host Tenant Add,111458,10145410,12-31-2018,null,06-28-2020,null,3
MRCHI036429,Lambeau Field (Carrier Add),Active,IB ALL,IB-LTE Next Carrier,2020,CR_-RCHI-18-03146,CENTRAL,ILLINOIS/WISCONSIN,WISCONSIN,44.501,-88.0624,LTE Next Carrier,iDAS,IB-LTE Next Carrier,111506,10145490,08-30-2019,null,12-31-2020,null,58
MRCHI025198,Ogilvie Transportation Center (Tracks and Market)-NSB,Active,IB ALL,IB-New Site,2020,CR_-RCHI-17-01768,CENTRAL,ILLINOIS/WISCONSIN,CHICAGO,41.883208,-87.640255,New Site,iDAS,IB-New Site,114326,10146437,01-31-2019,null,12-31-2020,null,7
MRCHI032373,Ravinia Theatre (Entire Complex),Active,IB ALL,IB-New Site,2020,CR_-RCHI-17-09421,CENTRAL,ILLINOIS/WISCONSIN,CHICAGO,null,null,New Site,iDAS,IB-New Site,null,10146461,12-31-2020,null,11-28-2020,null,17
MRNTX046815,Hilton Anatole (Verizon MOD 1st AMD),Active,IB ALL,IB-Neutral Host Tenant Add,2020,CR_-RNTX-18-10801,CENTRAL,NORTH TEXAS,DALLAS FT. WORTH,32.80045,-96.8292694,Neutral Host Tenant Add,iDAS,IB-Neutral Host Tenant Add,110501,10146488,09-30-2019,null,06-30-2020,null,242
MRNTX042636,HILTON ANATOLE (Carrier Add),Active,IB ALL,IB-LTE Next Carrier,2020,CR_-RNTX-18-06489,CENTRAL,NORTH TEXAS,DALLAS FT. WORTH,32.80045,-96.8292694,LTE Next Carrier,iDAS,IB-LTE Next Carrier,110501,10146488,09-30-2019,null,06-30-2020,null,217
MRCHI038163,AT&T West Monroe (T-Mobile Tenant Add) SLA,Active,IB ALL,IB-Neutral Host Tenant Add,2020,CR_-RCHI-18-04538,CENTRAL,ILLINOIS/WISCONSIN,CHICAGO,41.8804556,-87.6347417,Neutral Host Tenant Add,iDAS,IB-Neutral Host Tenant Add,114340,10146782,09-30-2019,null,12-31-2020,null,79
MRCHI034294,John Hancock Building Chicago (Chicago Pilot),Active,IB ALL,IB-New Site,2020,CR_-RCHI-18-00318,CENTRAL,ILLINOIS/WISCONSIN,CHICAGO,null,null,New Site,iDAS,IB-New Site,null,10146789,12-31-2019,null,12-31-2020,null,23
MRUMW024709,MAYO CLINIC ROCHESTER (T-MOBILE TENANT ADD),Active,IB ALL,IB-Neutral Host Tenant Add,2020,CR_-RUMW-18-03893,CENTRAL,NORTHERN PLAINS,MINNESOTA,44.022616,-92.466774,Neutral Host Tenant Add,iDAS,IB-Neutral Host Tenant Add,111796,10147208,12-31-2019,null,01-31-2020,null,353
MRSTX048575,BAKER HUGHES RANKIN DAS ISE (Carrier Add),Active,IB ALL,IB-LTE Next Carrier,2020,CR_-RSTX-18-14424,CENTRAL,SOUTH TEXAS,HOUSTON,29.9670111,-95.3665778,LTE Next Carrier,iDAS,IB-LTE Next Carrier,112855,10148109,06-28-2019,null,01-06-2020,null,323
MRCHI038185,HEALTH CARE SERVICES CORP DAS ISE - LTE1C,Active,IB ALL,IB-LTE Overlay,2020,CR_-RCHI-18-04541,CENTRAL,ILLINOIS/WISCONSIN,CHICAGO,41.884825,-87.6198917,LTE Overlay,iDAS,IB-LTE Overlay,117483,10148111,03-29-2019,null,12-31-2020,null,76
MROAR028023,QUIKTRIP DAS (Carrier Add),Active,IB ALL,IB-LTE Next Carrier,2020,CR_-ROAR-18-05447,CENTRAL,ARKANSAS/OKLAHOMA,TULSA OK,36.095646,-95.829504,LTE Next Carrier,iDAS,IB-LTE Next Carrier,113460,10148774,12-31-2019,null,11-01-2020,null,267
MRKSL031413,Children's Mercy Park Sporting Stadium (Carrier Add),Active,IB ALL,IB-LTE Next Carrier,2020,CR_-RKSL-18-10613,CENTRAL,GREATER MIDWEST,KANSAS CITY,39.122087,-94.82317,LTE Next Carrier,iDAS,IB-LTE Next Carrier,119822,10148892,04-30-2019,null,02-28-2020,null,177
MRNTX029759,SAMSUNG 240 DIVIDEND DRIVE DAS ISE(P3) -  LTE) (ERICSSON HET-NET),Active,IB ALL,IB-LTE Overlay,2020,CR_-RNTX-17-09249,CENTRAL,NORTH TEXAS,DALLAS FT. WORTH,32.93,-96.996,LTE Overlay,iDAS,IB-LTE Overlay,114105,10149626,12-31-2019,null,06-30-2020,null,190
MRCHI025221,COMPUTER SCIENCES DAS ISE(P2) -  LTE),Active,IB ALL,IB-LTE Overlay,2020,CR_-RCHI-17-01828,CENTRAL,ILLINOIS/WISCONSIN,CHICAGO,41.85828,-87.954561,LTE Overlay,iDAS,IB-LTE Overlay,114763,10150000,12-31-2018,null,12-31-2020,null,9
MRIND018807,Victory Field Ballpark (Sector Add),Active,IB ALL,IB-DAS Modification,2020,NER-RIND-16-02413,CENTRAL,MICHIGAN/INDIANA,INDIANAPOLIS,39.766096,-86.16961,DAS Modification,Other MOD,IB-DAS Modification,120035,10150374,12-31-2019,null,12-01-2020,null,90
MROAR025683,CHESAPEAKE ENERGY TWO GRAND (Carrier Add),Active,IB ALL,IB-LTE Next Carrier,2020,CR_-ROAR-18-02881,CENTRAL,ARKANSAS/OKLAHOMA,OKLAHOMA CITY,35.5303611,-97.5245,LTE Next Carrier,iDAS,IB-LTE Next Carrier,116909,10150873,06-28-2019,null,06-29-2020,null,259
MRSTX041303,Henry B. Gonzales Convention Center (HBGCC) - DAS MOD,Active,IB ALL,IB-DAS Modification,2020,CR_-RSTX-18-04122,CENTRAL,SOUTH TEXAS,SAN ANTONIO,29.416859,-98.478893,DAS Modification,Other MOD,IB-DAS Modification,192203,10151142,07-31-2019,null,07-13-2020,null,294
MROAR026950,HOBBY LOBBY OK CITY (BLDG 6) ISE  MOD,Active,IB ALL,IB-DAS Modification,2020,CR_-ROAR-18-04500,CENTRAL,ARKANSAS/OKLAHOMA,OKLAHOMA CITY,35.425461,-97.647081,DAS Modification,Other MOD,IB-DAS Modification,168609,10151917,12-31-2019,null,09-09-2020,null,260
MROAR026952,HOBBY LOBBY OK CITY (BLDG SCIP-B) ISE MOD,Active,IB ALL,IB-DAS Modification,2020,CR_-ROAR-18-04499,CENTRAL,ARKANSAS/OKLAHOMA,OKLAHOMA CITY,35.425461,-97.647081,DAS Modification,Other MOD,IB-DAS Modification,168609,10151917,12-31-2019,null,09-09-2020,null,261
MRSTX048574,MEN'S WEARHOUSE DAS ISE (Carrier Add),Active,IB ALL,IB-LTE Next Carrier,2020,CR_-RSTX-18-14423,CENTRAL,SOUTH TEXAS,HOUSTON,29.7086917,-95.5627028,LTE Next Carrier,iDAS,IB-LTE Next Carrier,127427,10152313,06-28-2019,null,01-04-2020,null,322
MRCHI022779,HSBC METTAWA DAS ISE (P2) - LTE),Active,IB ALL,IB-LTE Overlay,2020,CR_-RCHI-16-01917,CENTRAL,ILLINOIS/WISCONSIN,CHICAGO,42.24573,-87.90288,LTE Overlay,iDAS,IB-LTE Overlay,116576,10152449,12-31-2018,null,12-31-2020,null,5
MRSTX036774,University of Texas San Antonio (Outside campus),Active,IB ALL,IB-New Site,2020,CR_-RSTX-17-11197,CENTRAL,SOUTH TEXAS,SAN ANTONIO,null,null,New Site,iDAS,IB-New Site,null,10152544,12-31-2020,null,08-30-2020,null,283
MRNTX025903,TTUHSC DAS ISE (P2) - LTE),Active,IB ALL,IB-LTE Overlay,2020,CR_-RNTX-16-07746,CENTRAL,NORTH TEXAS,WEST TEXAS,33.5922222,-101.8866667,LTE Overlay,iDAS,IB-LTE Overlay,116685,10152760,12-31-2018,null,06-30-2020,null,183
MRCHI038527,CHICAGO TITLE AND TRUST (T-MOBILE TENANT ADD),Active,IB ALL,IB-Neutral Host Tenant Add,2020,CR_-RCHI-18-05618,CENTRAL,ILLINOIS/WISCONSIN,CHICAGO,41.8846056,-87.6307194,Neutral Host Tenant Add,iDAS,IB-Neutral Host Tenant Add,135449,10546343,09-30-2019,null,12-31-2020,null,87
MRCHI038227,CATEPILLAR AC MOSSVILLE ISE MOD,Active,IB ALL,IB-DAS Modification,2020,CR_-RCHI-18-05094,CENTRAL,ILLINOIS/WISCONSIN,CENTRAL ILLINOIS,40.838785,-89.552148,DAS Modification,Other MOD,IB-DAS Modification,117920,10547146,12-31-2019,null,12-31-2020,null,84
MRCHI025235,TAKEDA PHARMACEUTICALS DAS ISE(P2) -  LTE),Active,IB ALL,IB-LTE Overlay,2020,CR_-RCHI-17-01800,CENTRAL,ILLINOIS/WISCONSIN,CHICAGO,42.1533333,-87.8780556,LTE Overlay,iDAS,IB-LTE Overlay,118185,10550166,12-31-2018,null,12-31-2020,null,11
MRCHI025244,FEDERAL RESERVE BANK OF CHICAGO DAS ISE (P2) -  LTE),Active,IB ALL,IB-LTE Overlay,2020,CR_-RCHI-17-01797,CENTRAL,ILLINOIS/WISCONSIN,CHICAGO,41.8783333,-87.6327778,LTE Overlay,iDAS,IB-LTE Overlay,118467,10552314,12-31-2018,null,12-31-2020,null,6
MRNTX029091,CHS Lake Granbury DAS ISE-- ¿¿LTE overlay & MOB 2 building,Active,IB ALL,IB-LTE Overlay,2020,CR_-RNTX-17-03113,CENTRAL,NORTH TEXAS,DALLAS FT. WORTH,32.4327028,-97.8035028,LTE Overlay,iDAS,IB-LTE Overlay,118700,10552473,12-31-2018,null,06-30-2020,null,185
MRNTX046916,North Park Mall (Carrier Add),Active,IB ALL,IB-LTE Next Carrier,2020,CR_-RNTX-18-13361,CENTRAL,NORTH TEXAS,DALLAS FT. WORTH,32.869739,-96.770844,LTE Next Carrier,iDAS,IB-LTE Next Carrier,134097,10553475,10-31-2019,null,06-30-2020,null,236
MRUMW024360,CENTURYLINK BUILDING (FSM4 Swap) - DAS MOD,Active,IB ALL,IB-DAS Modification,2020,CR_-RUMW-18-02455,CENTRAL,NORTHERN PLAINS,MINNESOTA,44.9776667,-93.2669694,DAS Modification,ALU to Nokia FSM4 Swap,IB-DAS Modification,174659,10553507,12-31-2018,null,01-31-2020,null,347
MRNTX037813,Dallas Love Field Airport (DAL) (Carrier Add),Active,IB ALL,IB-LTE Next Carrier,2020,CR_-RNTX-18-00005,CENTRAL,NORTH TEXAS,DALLAS FT. WORTH,32.844622,-96.848588,LTE Next Carrier,iDAS,IB-LTE Next Carrier,135872,10553604,12-31-2018,null,06-30-2020,null,203
MRKSL027854,Barnes-Jewish Hospital Saint Louis - DAS MOD,Active,IB ALL,IB-DAS Modification,2020,CR_-RKSL-18-03677,CENTRAL,GREATER MIDWEST,ST. LOUIS,38.638948,-90.264307,DAS Modification,Other MOD,IB-DAS Modification,179743,10553634,07-31-2019,null,10-17-2020,null,158
MRKSL031415,Kivisto Field at Memorial Stadium (KU) (Carrier Add),Active,IB ALL,IB-LTE Next Carrier,2020,CR_-RKSL-18-10615,CENTRAL,GREATER MIDWEST,KANSAS CITY,38.952972,-95.258621,LTE Next Carrier,iDAS,IB-LTE Next Carrier,129246,10553641,08-30-2019,null,01-15-2020,null,178
MRKSL028376,Allen Fieldhouse - KU (Carrier Add),Active,IB ALL,IB-LTE Next Carrier,2020,CR_-RKSL-18-04091,CENTRAL,GREATER MIDWEST,KANSAS CITY,38.952972,-95.258621,LTE Next Carrier,iDAS,IB-LTE Next Carrier,129246,10553641,08-30-2019,null,07-30-2020,null,165
MROAR025677,UAMS (Carrier Add),Active,IB ALL,IB-LTE Next Carrier,2020,CR_-ROAR-18-02888,CENTRAL,ARKANSAS/OKLAHOMA,ARKANSAS,34.747627,-92.3201,LTE Next Carrier,iDAS,IB-LTE Next Carrier,121044,10553658,06-28-2019,null,07-10-2020,null,255
MRIND035779,Cobo Center (Carrier Add),Active,IB ALL,IB-LTE Next Carrier,2020,NER-RIND-18-06953,CENTRAL,MICHIGAN/INDIANA,DETROIT,42.32675,-83.0502833,LTE Next Carrier,iDAS,IB-LTE Next Carrier,128105,10553676,12-31-2019,null,05-29-2020,null,128
MRIND035315,DeVos Place Convention Center,Active,IB ALL,IB-New Site,2020,NER-RIND-18-06505,CENTRAL,MICHIGAN/INDIANA,OUTSTATE MI,null,null,New Site,iDAS,IB-New Site,null,10553678,12-31-2020,null,12-31-2020,null,117
MROAR018764,Arkansas State University Convocation Center (Balance of Trade),Active,IB ALL,IB-New Site,2020,CR_-ROAR-17-61928,CENTRAL,ARKANSAS/OKLAHOMA,ARKANSAS,null,null,New Site,iDAS,IB-New Site,null,10553702,05-31-2019,null,11-08-2020,null,245
MROAR018620,Arkansas State University Centennial Bank Stadium (Balance of Trade),Active,IB ALL,IB-DAS Modification,2020,CR_-ROAR-17-61930,CENTRAL,ARKANSAS/OKLAHOMA,ARKANSAS,null,null,DAS Modification,Other MOD,IB-DAS Modification,null,10553702,05-31-2019,null,11-08-2020,null,244
MROAR025678,STATE OF OKLAHOMA CAPITOL (Carrier Add),Active,IB ALL,IB-LTE Next Carrier,2020,CR_-ROAR-18-02879,CENTRAL,ARKANSAS/OKLAHOMA,OKLAHOMA CITY,35.501019,-97.504094,LTE Next Carrier,iDAS,IB-LTE Next Carrier,122237,10564388,06-28-2019,null,05-19-2020,null,256
MRIND033549,Circle Centre Mall (T-Mobile Add),Active,IB ALL,IB-Neutral Host Tenant Add,2020,NER-RIND-18-04346,CENTRAL,MICHIGAN/INDIANA,INDIANAPOLIS,39.766078,-86.15948,Neutral Host Tenant Add,iDAS,IB-Neutral Host Tenant Add,125580,10566826,12-31-2018,null,11-15-2020,null,101
MRUMW019796,COUNTRY FINANCIAL(P2) -  LTE),Active,IB ALL,IB-LTE Overlay,2020,CR_-RUMW-17-02548,CENTRAL,NORTHERN PLAINS,MINNESOTA,45.0471611,-93.1520889,LTE Overlay,iDAS,IB-LTE Overlay,130452,10574403,12-31-2018,null,01-31-2020,null,331
MRSTX041723,APACHE ISE (Carrier Add),Active,IB ALL,IB-LTE Next Carrier,2020,CR_-RSTX-18-04314,CENTRAL,SOUTH TEXAS,HOUSTON,29.7461389,-95.5594333,LTE Next Carrier,iDAS,IB-LTE Next Carrier,125668,10576771,06-28-2019,null,07-17-2020,null,303
MRCHI036458,Prudential Plaza (Carrier Add),Active,IB ALL,IB-LTE Next Carrier,2020,CR_-RCHI-18-03147,CENTRAL,ILLINOIS/WISCONSIN,CHICAGO,41.885255,-87.622468,LTE Next Carrier,iDAS,IB-LTE Next Carrier,126963,10580726,07-31-2019,null,12-31-2020,null,64
MRCHI038204,Miller Park (Carrier Add),Active,IB ALL,IB-LTE Next Carrier,2020,CR_-RCHI-18-05068,CENTRAL,ILLINOIS/WISCONSIN,WISCONSIN,43.028952,-87.970635,LTE Next Carrier,iDAS,IB-LTE Next Carrier,127079,10590972,04-30-2019,null,12-31-2020,null,82
MRNTX025904,SCOTT AND WHITE HOSPITAL TEMPLE ISE BTS (P2) - LTE),Active,IB ALL,IB-LTE Overlay,2020,CR_-RNTX-16-07747,CENTRAL,NORTH TEXAS,CENTRAL TEXAS,31.0786667,-97.3643806,LTE Overlay,iDAS,IB-LTE Overlay,131104,10592707,12-31-2018,null,06-30-2020,null,184
MROAR025672,ARVEST BANK GROUP - LOWELL (Carrier Add),Active,IB ALL,IB-LTE Next Carrier,2020,CR_-ROAR-18-02890,CENTRAL,ARKANSAS/OKLAHOMA,ARKANSAS,36.251518,-94.156621,LTE Next Carrier,iDAS,IB-LTE Next Carrier,127168,10593011,06-28-2019,null,04-17-2020,null,253
MRNTX046920,BAYLOR SAMMONS DAS ISE (Carrier Add),Active,IB ALL,IB-LTE Next Carrier,2020,CR_-RNTX-18-13362,CENTRAL,NORTH TEXAS,DALLAS FT. WORTH,32.787905,-96.77874,LTE Next Carrier,iDAS,IB-LTE Next Carrier,128426,11559145,11-29-2019,null,06-30-2020,null,238
MRIND034634,Lucas Oil Stadium (Carrier Add),Active,IB ALL,IB-LTE Next Carrier,2020,NER-RIND-18-05724,CENTRAL,MICHIGAN/INDIANA,INDIANAPOLIS,39.765278,-86.1625,LTE Next Carrier,iDAS,IB-LTE Next Carrier,128353,11572025,04-30-2019,null,01-31-2020,null,123
MRSTX041728,TEXAS DPS (Carrier Add),Active,IB ALL,IB-LTE Next Carrier,2020,CR_-RSTX-18-04316,CENTRAL,SOUTH TEXAS,AUSTIN,30.326177,-97.721181,LTE Next Carrier,iDAS,IB-LTE Next Carrier,131258,11575247,12-31-2019,null,10-09-2020,null,308
MROAR025682,DEVON ENERGY TOWER DAS (Carrier Add),Active,IB ALL,IB-LTE Next Carrier,2020,CR_-ROAR-18-02882,CENTRAL,ARKANSAS/OKLAHOMA,OKLAHOMA CITY,35.4669667,-97.5180917,LTE Next Carrier,iDAS,IB-LTE Next Carrier,128382,11575253,06-28-2019,null,06-29-2020,null,258
MRKSL025042,Monsanto - Chesterfield Campus (Carrier Add),Active,IB ALL,IB-LTE Next Carrier,2020,CR_-RKSL-17-08225,CENTRAL,GREATER MIDWEST,ST. LOUIS,38.6656472,-90.558775,LTE Next Carrier,iDAS,IB-LTE Next Carrier,130543,11597993,12-31-2018,null,09-01-2020,null,145
MRNTX044547,COOKS CHILDRENS MED CENTER FTW DAS ISE (Carrier Add),Active,IB ALL,IB-LTE Next Carrier,2020,CR_-RNTX-18-08611,CENTRAL,NORTH TEXAS,DALLAS FT. WORTH,32.7367667,-97.3416083,LTE Next Carrier,iDAS,IB-LTE Next Carrier,129657,11617719,11-29-2019,null,06-30-2020,null,227
MROAR025679,BALDOR ELECTRIC (Carrier Add),Active,IB ALL,IB-LTE Next Carrier,2020,CR_-ROAR-18-02891,CENTRAL,ARKANSAS/OKLAHOMA,ARKANSAS,35.32769,-94.427651,LTE Next Carrier,iDAS,IB-LTE Next Carrier,156830,11623920,06-28-2019,null,05-01-2020,null,257
MROAR028026,HALLIBURTON DAS (Carrier Add),Active,IB ALL,IB-LTE Next Carrier,2020,CR_-ROAR-18-05448,CENTRAL,ARKANSAS/OKLAHOMA,OKLAHOMA CITY,35.468523,-97.51738,LTE Next Carrier,iDAS,IB-LTE Next Carrier,129708,11623926,12-31-2019,null,11-15-2020,null,268
MRNTX029092,BAYLOR MEDICAL MCKINNEY ISE BTS (P3) -  LTE),Active,IB ALL,IB-LTE Overlay,2020,CR_-RNTX-17-03027,CENTRAL,NORTH TEXAS,DALLAS FT. WORTH,33.2210667,-96.6825611,LTE Overlay,iDAS,IB-LTE Overlay,130089,11629516,12-31-2018,null,06-30-2020,null,186
MRKSL020156,ST JOHN'S MERCY MEDICAL CENTER (STL) IDAS(P3) -  LTE),Active,IB ALL,IB-LTE Overlay,2020,CR_-RKSL-17-02037,CENTRAL,GREATER MIDWEST,ST. LOUIS,38.644809,-90.447966,LTE Overlay,iDAS,IB-LTE Overlay,130021,11637320,12-31-2018,null,08-24-2020,null,142
MRSTX041726,OCCIDENTAL PETROLEUM ISE (Carrier Add),Active,IB ALL,IB-LTE Next Carrier,2020,CR_-RSTX-18-04315,CENTRAL,SOUTH TEXAS,HOUSTON,29.730729,-95.432222,LTE Next Carrier,iDAS,IB-LTE Next Carrier,129642,11646316,12-31-2019,null,10-05-2020,null,306
MRSTX030618,METHODIST MAIN HOSPITAL HCA G.E. IDAS (P3) -  LTE),Active,IB ALL,IB-LTE Overlay,2020,CR_-RSTX-17-04308,CENTRAL,SOUTH TEXAS,SAN ANTONIO,29.507931,-98.572286,LTE Overlay,iDAS,IB-LTE Overlay,131302,11658324,12-31-2018,null,06-19-2020,null,273
MRCHI038187,KPMG - AON Center (Carrier Add),Active,IB ALL,IB-LTE Next Carrier,2020,CR_-RCHI-18-04545,CENTRAL,ILLINOIS/WISCONSIN,CHICAGO,41.8850806,-87.62105,LTE Next Carrier,iDAS,IB-LTE Next Carrier,131622,11658823,07-31-2019,null,12-31-2020,null,78
MRCHI036459,University of Chicago Hospital (Carrier Add),Active,IB ALL,IB-LTE Next Carrier,2020,CR_-RCHI-18-03148,CENTRAL,ILLINOIS/WISCONSIN,CHICAGO,41.790467,-87.604932,LTE Next Carrier,iDAS,IB-LTE Next Carrier,133509,11664110,07-31-2019,null,12-31-2020,null,65
MRKSL028372,Monsanto Creve Coeur Bldg G (Carrier Add),Active,IB ALL,IB-LTE Next Carrier,2020,CR_-RKSL-18-04095,CENTRAL,GREATER MIDWEST,ST. LOUIS,38.6706437,-90.4075772,LTE Next Carrier,iDAS,IB-LTE Next Carrier,131933,11671316,12-31-2019,null,12-18-2020,null,161
MRSTX048579,WOODLANDS WATERWAY MARRIOTT HOTEL/DAS (Carrier Add),Active,IB ALL,IB-LTE Next Carrier,2020,CR_-RSTX-18-14431,CENTRAL,SOUTH TEXAS,HOUSTON,30.161696,-95.460849,LTE Next Carrier,iDAS,IB-LTE Next Carrier,141424,11678317,06-28-2019,null,01-04-2020,null,329
MRSTX030632,HCA METHODIST TEXSAN (ISE)(P3) -  LTE),Active,IB ALL,IB-LTE Overlay,2020,CR_-RSTX-17-04436,CENTRAL,SOUTH TEXAS,SAN ANTONIO,29.489755,-98.547717,LTE Overlay,iDAS,IB-LTE Overlay,132169,12554482,12-31-2018,null,04-24-2020,null,274
MRCHI032367,111 South Wacker Dr,Active,IB ALL,IB-New Site,2020,CR_-RCHI-17-09433,CENTRAL,ILLINOIS/WISCONSIN,CHICAGO,null,null,New Site,iDAS,IB-New Site,null,12563248,05-29-2020,null,12-31-2020,null,16
MRCHI038526,30 NORTH LASALLE (T-MOBILE TENANT ADD),Active,IB ALL,IB-Neutral Host Tenant Add,2020,CR_-RCHI-18-05617,CENTRAL,ILLINOIS/WISCONSIN,CHICAGO,41.882763,-87.633131,Neutral Host Tenant Add,iDAS,IB-Neutral Host Tenant Add,156373,12563252,08-30-2019,null,12-31-2020,null,85
MRCHI034266,Leo Burnett Building (Chicago Pilot),Active,IB ALL,IB-New Site,2020,CR_-RCHI-18-00290,CENTRAL,ILLINOIS/WISCONSIN,CHICAGO,41.88682,-87.629056,New Site,iDAS,IB-New Site,214792,12563263,12-31-2019,null,12-31-2020,null,35
MRSTX041724,KCI BUILDING 6 ISE (Carrier Add),Active,IB ALL,IB-LTE Next Carrier,2020,CR_-RSTX-18-04312,CENTRAL,SOUTH TEXAS,SAN ANTONIO,29.555236,-98.600098,LTE Next Carrier,iDAS,IB-LTE Next Carrier,133223,12564454,06-28-2019,null,09-07-2020,null,304
MRCHI034300,Midwestern Career College/Civic Opera Building (Chicago Pilot),Active,IB ALL,IB-New Site,2020,CR_-RCHI-18-00297,CENTRAL,ILLINOIS/WISCONSIN,CHICAGO,null,null,New Site,iDAS,IB-New Site,null,12568621,12-31-2019,null,12-31-2020,null,29
MRSTX041633,BAYLOR S&W LAKEWAY MEDICAL ISE NSB,Active,IB ALL,IB-New Site,2020,CR_-RSTX-18-04187,CENTRAL,SOUTH TEXAS,AUSTIN,null,null,New Site,ISE,IB-New Site,null,12570923,12-31-2018,null,09-03-2020,null,297
MRKSL029859,Dome at America's Center (Carrier Add),Active,IB ALL,IB-LTE Next Carrier,2020,CR_-RKSL-18-09466,CENTRAL,GREATER MIDWEST,ST. LOUIS,38.633654,-90.187541,LTE Next Carrier,iDAS,IB-LTE Next Carrier,169146,12570925,10-31-2019,null,12-18-2020,null,169
MRNTX029083,THR ALLIANCE HOSPITAL - ISE(P3) -  LTE),Active,IB ALL,IB-LTE Overlay,2020,CR_-RNTX-17-03124,CENTRAL,NORTH TEXAS,DALLAS FT. WORTH,32.9309583,-97.3093972,LTE Overlay,iDAS,IB-LTE Overlay,133749,12676589,12-31-2018,null,06-30-2020,null,189
MRKSL028374,Well Fargo Advisors (Carrier Add),Active,IB ALL,IB-LTE Next Carrier,2020,CR_-RKSL-18-04093,CENTRAL,GREATER MIDWEST,ST. LOUIS,38.632578,-90.217403,LTE Next Carrier,iDAS,IB-LTE Next Carrier,134745,12687839,12-31-2019,null,12-18-2020,null,163
MRCHI036422,Price Waterhouse Coopers Building (Carrier Add),Active,IB ALL,IB-LTE Next Carrier,2020,CR_-RCHI-18-03149,CENTRAL,ILLINOIS/WISCONSIN,CHICAGO,41.882318,-87.636129,LTE Next Carrier,iDAS,IB-LTE Next Carrier,176146,12703467,07-31-2019,null,12-31-2020,null,57
MRCHI029776,Summerfest (Add LTE 3C (1900 10MHz MIMO) to 11 of 24 DAS sectors),Active,IB ALL,IB-LTE Next Carrier,2020,CR_-RCHI-17-08580,CENTRAL,ILLINOIS/WISCONSIN,WISCONSIN,43.028889,-87.899521,LTE Next Carrier,iDAS,IB-LTE Next Carrier,136728,12770456,12-31-2018,null,12-31-2020,null,14
MRUMW024361,MPLS SKYWAY (PEDESTRIAN & RETAIL) (FSM4 Swap) - DAS MOD,Active,IB ALL,IB-DAS Modification,2020,CR_-RUMW-18-02456,CENTRAL,NORTHERN PLAINS,MINNESOTA,44.9776667,-93.2669694,DAS Modification,ALU to Nokia FSM4 Swap,IB-DAS Modification,173524,12800130,12-31-2018,null,01-31-2020,null,348
MRCHI034295,525 West Monroe (Chicago Pilot),Active,IB ALL,IB-New Site,2020,CR_-RCHI-18-00295,CENTRAL,ILLINOIS/WISCONSIN,CHICAGO,null,null,New Site,iDAS,IB-New Site,null,12826858,12-31-2019,null,12-31-2020,null,24
MRSTX034758,NATIONWIDE INSURANCE_SAN ANTONIO ISE (Add LTE 2C (PCS 15MHz SISO) to 1 DAS sector.),Active,IB ALL,IB-LTE Next Carrier,2020,CR_-RSTX-17-10460,CENTRAL,SOUTH TEXAS,SAN ANTONIO,29.45718,-98.686368,LTE Next Carrier,iDAS,IB-LTE Next Carrier,134881,12831579,12-31-2018,null,05-10-2020,null,278
MRCHI037990,Omni Group INC DAS (Carrier Add),Active,IB ALL,IB-LTE Next Carrier,2020,CR_-RCHI-18-04536,CENTRAL,ILLINOIS/WISCONSIN,CHICAGO,41.886379,-87.623584,LTE Next Carrier,iDAS,IB-LTE Next Carrier,139327,12859251,07-31-2019,null,12-31-2020,null,80
MROAR025671,OU HSC (Carrier Add),Active,IB ALL,IB-LTE Next Carrier,2020,CR_-ROAR-18-02883,CENTRAL,ARKANSAS/OKLAHOMA,OKLAHOMA CITY,35.482028,-97.49375,LTE Next Carrier,iDAS,IB-LTE Next Carrier,136943,12860050,06-28-2019,null,05-19-2020,null,252
MRCHI038186,CIBC USA CHICAGO ISE MOD,Active,IB ALL,IB-DAS Modification,2020,CR_-RCHI-18-04542,CENTRAL,ILLINOIS/WISCONSIN,CHICAGO,41.880465,-87.632797,DAS Modification,Other MOD,IB-DAS Modification,148223,12864969,12-31-2019,null,12-31-2020,null,77
MROAR028036,JOHN ZINK DAS (Carrier Add),Active,IB ALL,IB-LTE Next Carrier,2020,CR_-ROAR-18-05446,CENTRAL,ARKANSAS/OKLAHOMA,TULSA OK,36.189664,-95.8445889,LTE Next Carrier,iDAS,IB-LTE Next Carrier,139528,12869480,12-31-2019,null,11-29-2020,null,270
MRSTX037235,GE OIL AND GAS_ISE (Carrier Add),Active,IB ALL,IB-LTE Next Carrier,2020,CR_-RSTX-17-14302,CENTRAL,SOUTH TEXAS,HOUSTON,29.832943,-95.560801,LTE Next Carrier,iDAS,IB-LTE Next Carrier,137529,12873796,12-31-2018,null,04-20-2020,null,281
MRNTX041319,KAY BAILEY HUTCHINSON CONV CNT (Verizon Tenant Add),Active,IB ALL,IB-Neutral Host Tenant Add,2020,CR_-RNTX-18-04888,CENTRAL,NORTH TEXAS,DALLAS FT. WORTH,32.775368,-96.800022,Neutral Host Tenant Add,iDAS,IB-Neutral Host Tenant Add,174860,12878099,12-31-2018,null,06-30-2020,null,210
MRNTX036868,Allen Event Center (COW replacement),Active,IB ALL,IB-New Site,2020,CR_-RNTX-17-14284,CENTRAL,NORTH TEXAS,DALLAS FT. WORTH,null,null,New Site,iDAS,IB-New Site,null,12880137,12-31-2020,null,06-30-2020,null,202
MRIND035768,Purdue Ross Ade Stadium (Carrier Add),Active,IB ALL,IB-LTE Next Carrier,2020,NER-RIND-18-06955,CENTRAL,MICHIGAN/INDIANA,INDIANAPOLIS,40.4351222,-86.9187361,LTE Next Carrier,iDAS,IB-LTE Next Carrier,161424,12881728,04-30-2019,null,03-31-2020,null,126
MRIND033710,Purdue Mackey Arena (Carrier Add),Active,IB ALL,IB-LTE Next Carrier,2020,NER-RIND-18-04491,CENTRAL,MICHIGAN/INDIANA,INDIANAPOLIS,40.4333111,-86.9161806,LTE Next Carrier,iDAS,IB-LTE Next Carrier,165355,12881729,04-30-2019,null,01-31-2020,null,106
MRIND033555,IU Assembly Hall (Carrier Add),Active,IB ALL,IB-LTE Next Carrier,2020,NER-RIND-18-04351,CENTRAL,MICHIGAN/INDIANA,INDIANAPOLIS,39.1805861,-86.5221722,LTE Next Carrier,iDAS,IB-LTE Next Carrier,150479,12881731,05-31-2019,null,10-01-2020,null,105
MRIND035784,IU Memorial Stadium (Carrier Add),Active,IB ALL,IB-LTE Next Carrier,2020,NER-RIND-18-06954,CENTRAL,MICHIGAN/INDIANA,INDIANAPOLIS,39.1807528,-86.5256639,LTE Next Carrier,iDAS,IB-LTE Next Carrier,146302,12881732,04-30-2019,null,08-01-2020,null,129
MRCHI015671,University of Illinois (State Farm Center)-NSB,Active,IB ALL,IB-New Site,2020,NCR-RCHI-13-01154,CENTRAL,ILLINOIS/WISCONSIN,CENTRAL ILLINOIS,null,null,New Site,iDAS,IB-New Site,null,12888647,12-31-2019,null,12-31-2020,null,2
MRCHI036569,Chicago Speedway (Carrier Add),Active,IB ALL,IB-LTE Next Carrier,2020,CR_-RCHI-18-03166,CENTRAL,ILLINOIS/WISCONSIN,CHICAGO,41.468473,-88.061547,LTE Next Carrier,iDAS,IB-LTE Next Carrier,159244,12897814,05-31-2019,null,12-31-2020,null,60
MROAR027823,AEP TULSA DAS (Carrier Add),Active,IB ALL,IB-LTE Next Carrier,2020,CR_-ROAR-18-05450,CENTRAL,ARKANSAS/OKLAHOMA,TULSA OK,36.151055,-95.986325,LTE Next Carrier,iDAS,IB-LTE Next Carrier,140043,12900598,12-31-2019,null,12-16-2020,null,264
MRIND034923,Ruoff Home Mortgage Music Center (Carrier Add),Active,IB ALL,IB-LTE Next Carrier,2020,NER-RIND-18-05986,CENTRAL,MICHIGAN/INDIANA,INDIANAPOLIS,40.0052167,-85.9311917,LTE Next Carrier,iDAS,IB-LTE Next Carrier,150415,12919644,04-30-2019,null,04-01-2020,null,125
MRIND033551,Eli Lilly LTC South (Carrier Add),Active,IB ALL,IB-LTE Next Carrier,2020,NER-RIND-18-04353,CENTRAL,MICHIGAN/INDIANA,INDIANAPOLIS,39.7457528,-86.1874778,LTE Next Carrier,iDAS,IB-LTE Next Carrier,144918,12978264,07-31-2019,null,01-15-2020,null,103
MRCHI015684,University of Illinois (Memorial Stadium)-NSB,Active,IB ALL,IB-New Site,2020,NCR-RCHI-13-01155,CENTRAL,ILLINOIS/WISCONSIN,CENTRAL ILLINOIS,null,null,New Site,iDAS,IB-New Site,null,12979683,12-31-2019,null,12-31-2020,null,1
MRUMW023973,US Bank Stadium IB Densification (Final Four 2019),Active,IB ALL,IB-DAS Modification,2020,CR_-RUMW-18-01672,CENTRAL,NORTHERN PLAINS,MINNESOTA,44.9776667,-93.2669694,DAS Modification,Capacity MOD,IB-DAS Modification,170912,12980783,12-31-2020,null,01-31-2020,null,338
MRCHI036132,Lurie Research and Simpson Querrey -  (BTS Only),Active,IB ALL,IB-New Site,2020,CR_-RCHI-18-02898,CENTRAL,ILLINOIS/WISCONSIN,CHICAGO,null,null,New Site,3rd Party DAS,IB-New Site,null,13025731,07-31-2019,null,12-31-2020,null,53
MRSTX041718,MURPHY OIL CORPORATE OFFICE_HOUSTON ISE (Carrier Add),Active,IB ALL,IB-LTE Next Carrier,2020,CR_-RSTX-18-04310,CENTRAL,SOUTH TEXAS,HOUSTON,29.783412,-95.5357,LTE Next Carrier,iDAS,IB-LTE Next Carrier,148876,13033220,01-31-2019,null,06-11-2020,null,302
MRIND034328,FIAT CHRYSLER AUTOMOTIVE FEATHERSTONE ISE SMALL CELL,Active,IB ALL,IB-Small Cell,2020,NER-RIND-18-05965,CENTRAL,MICHIGAN/INDIANA,DETROIT,null,null,Small Cell,Indoor MultiStandard upgrade (UC2),IB-Small Cell,null,13039024,12-31-2019,null,03-25-2020,null,114
MRNTX043101,WILLIAM P CLEMENTS JR UNIVERSITY HOSPITAL - DAS MOD,Active,IB ALL,IB-DAS Modification,2020,CR_-RNTX-18-06760,CENTRAL,NORTH TEXAS,DALLAS FT. WORTH,32.812724,-96.838635,DAS Modification,Other MOD,IB-DAS Modification,159956,13063305,07-31-2019,null,06-30-2020,null,219
MRNTX036867,Cityplace Center (42 floors DART stop & tunnel),Active,IB ALL,IB-New Site,2020,CR_-RNTX-17-14285,CENTRAL,NORTH TEXAS,DALLAS FT. WORTH,null,null,New Site,iDAS,IB-New Site,null,13063310,12-31-2020,null,06-30-2020,null,201
MRNTX036866,Gexa Energy Pavilion (Fair Park Music entire venue),Active,IB ALL,IB-New Site,2020,CR_-RNTX-17-14281,CENTRAL,NORTH TEXAS,DALLAS FT. WORTH,null,null,New Site,iDAS,IB-New Site,null,13063311,12-31-2020,null,06-30-2020,null,200
MRNTX046242,SWA HQ CAMPUS  PLANT MAINTENANCE ISE MOD,Active,IB ALL,IB-DAS Modification,2020,CR_-RNTX-18-10388,CENTRAL,NORTH TEXAS,DALLAS FT. WORTH,32.841825,-96.8633111,DAS Modification,Other MOD,IB-DAS Modification,154489,13077073,05-31-2019,null,06-30-2020,null,239
MRSTX041717,HALLIBURTON - SUPER CAMP ISE (Carrier Add),Active,IB ALL,IB-LTE Next Carrier,2020,CR_-RSTX-18-04333,CENTRAL,SOUTH TEXAS,SAN ANTONIO,29.21853,-98.406055,LTE Next Carrier,iDAS,IB-LTE Next Carrier,154607,13077080,10-31-2018,null,09-11-2020,null,301
MRIND016242,SKI BRULE - IRON RIVER(SKI BRULE - IRON RIVER)-IRON RIVER-MICHIGAN-Small Cell Indoor Public NSB,Active,IB ALL,IB-Small Cell,2020,NER-RIND-15-04250,CENTRAL,MICHIGAN/INDIANA,NORTHERN MI,46.02891,-88.698947,Small Cell,Indoor MultiStandard Cov/Cap (UC3),IB-Small Cell,171314,13098394,12-31-2018,null,06-01-2020,null,89
MRCHI034269,303 E Wacker (Chicago Pilot),Active,IB ALL,IB-New Site,2020,CR_-RCHI-18-00304,CENTRAL,ILLINOIS/WISCONSIN,CHICAGO,41.88729,-87.62007,New Site,iDAS,IB-New Site,211241,13131235,12-31-2019,null,12-31-2020,null,38
MRNTX046875,State Farm (Verizon MOD 3rd AMD),Active,IB ALL,IB-Neutral Host Tenant Add,2020,CR_-RNTX-18-10802,CENTRAL,NORTH TEXAS,DALLAS FT. WORTH,33.0018222,-96.70155,Neutral Host Tenant Add,iDAS,IB-Neutral Host Tenant Add,161350,13215069,09-30-2019,null,06-30-2020,null,232
MRNTX033986,STATE FARM RICHARDSON (Split 1 existing DAS sector (# 2).  New DAS sector to include:  LTE 1C (700 10MHz MIMO) LTE 2C (PCS 10MHz MIMO) and LTE 3C (850 10MHz MIMO).  Expand LTE 3C BWE (850 MIMO) from 10MHz to 20MHz on 1 new DAS sector),Active,IB ALL,IB-LTE Next Carrier,2020,CR_-RNTX-17-12176,CENTRAL,NORTH TEXAS,DALLAS FT. WORTH,33.0018222,-96.70155,LTE Next Carrier,iDAS,IB-LTE Next Carrier,161350,13215069,12-31-2018,null,06-30-2020,null,195
MRIND028118,Franklin oDAS (Split 1 existing DAS sector (OML03086-Alpha which has 6 oDAS nodes).  New DAS sector to include LTE 1C (700 10MHz MIMO),Active,IB ALL,IB-LTE Next Carrier,2020,NER-RIND-17-07509,CENTRAL,MICHIGAN/INDIANA,DETROIT,42.5777778,-83.2836111,LTE Next Carrier,iDAS,IB-LTE Next Carrier,163680,13233665,12-31-2018,null,06-01-2020,null,91
MRIND035769,FRANKLIN BLOOMFIELD DAS (Carrier Add),Active,IB ALL,IB-LTE Next Carrier,2020,NER-RIND-18-06950,CENTRAL,MICHIGAN/INDIANA,DETROIT,42.5777778,-83.2836111,LTE Next Carrier,iDAS,IB-LTE Next Carrier,163680,13233665,01-31-2019,null,03-31-2020,null,127
MRKSL031405,Scottrade Center (Carrier Add),Active,IB ALL,IB-LTE Next Carrier,2020,CR_-RKSL-18-10609,CENTRAL,GREATER MIDWEST,ST. LOUIS,38.62686,-90.20278,LTE Next Carrier,iDAS,IB-LTE Next Carrier,161243,13248458,01-31-2019,null,03-15-2020,null,173
MRCHI034279,Fairmont Chicago Millennium Park Hotel (Chicago Pilot),Active,IB ALL,IB-New Site,2020,CR_-RCHI-18-00314,CENTRAL,ILLINOIS/WISCONSIN,CHICAGO,41.88613,-87.62131,New Site,iDAS,IB-New Site,163551,13279407,12-31-2019,null,12-31-2020,null,50
MROAR025669,AMERICAN FIDELITY (Carrier Add),Active,IB ALL,IB-LTE Next Carrier,2020,CR_-ROAR-18-02884,CENTRAL,ARKANSAS/OKLAHOMA,OKLAHOMA CITY,35.562063,-97.51149,LTE Next Carrier,iDAS,IB-LTE Next Carrier,155621,13285277,06-28-2019,null,06-29-2020,null,251
MRNTX042631,PARKLAND HOSPITAL - NEW FACILITY (Carrier Add),Active,IB ALL,IB-LTE Next Carrier,2020,CR_-RNTX-18-06490,CENTRAL,NORTH TEXAS,DALLAS FT. WORTH,32.811985,-96.836781,LTE Next Carrier,iDAS,IB-LTE Next Carrier,163029,13285278,10-31-2019,null,06-30-2020,null,212
MRSTX039321,BROOKE ARMY MEDICAL CENTER ISE NSB,Active,IB ALL,IB-New Site,2020,CR_-RSTX-18-01896,CENTRAL,SOUTH TEXAS,SAN ANTONIO,null,null,New Site,ISE,IB-New Site,null,13339987,12-31-2018,null,06-07-2020,null,292
MRCHI034272,2 North Riverside Plaza (Chicago Pilot),Active,IB ALL,IB-New Site,2020,CR_-RCHI-18-00306,CENTRAL,ILLINOIS/WISCONSIN,CHICAGO,41.8824427,-87.6394681,New Site,iDAS,IB-New Site,166073,13357915,12-31-2019,null,12-31-2020,null,42
MRNTX042630,INTEL CORPORATION PLANO ISE (Carrier Add),Active,IB ALL,IB-LTE Next Carrier,2020,CR_-RNTX-18-06492,CENTRAL,NORTH TEXAS,DALLAS FT. WORTH,33.0873,-96.806126,LTE Next Carrier,iDAS,IB-LTE Next Carrier,168667,13407388,11-29-2019,null,06-30-2020,null,211
MRUMW022089,WELLS FARGO WEST DES MOINES (BALANCE OF TRADE) ISE DAS MOD,Active,IB ALL,IB-DAS Modification,2020,CR_-RUMW-17-05534,CENTRAL,NORTHERN PLAINS,IOWA,41.557167,-93.804733,DAS Modification,Other MOD,IB-DAS Modification,168658,13417842,12-31-2018,null,01-31-2020,null,335
MRUMW023336,PIONEER HI BRED DAS ISE (Carrier Add),Active,IB ALL,IB-LTE Next Carrier,2020,CR_-RUMW-17-06671,CENTRAL,NORTHERN PLAINS,IOWA,41.672025,-93.7196361,LTE Next Carrier,iDAS,IB-LTE Next Carrier,168113,13423564,12-31-2018,null,01-31-2020,null,342
MRSTX037234,CBI ROGERDALE ISE (Carrier Add),Active,IB ALL,IB-LTE Next Carrier,2020,CR_-RSTX-17-14301,CENTRAL,SOUTH TEXAS,HOUSTON,29.710716,-95.559127,LTE Next Carrier,iDAS,IB-LTE Next Carrier,169077,13513796,12-31-2018,null,06-03-2020,null,280
MRKSL031411,Battlefield Mall (Carrier Add),Active,IB ALL,IB-LTE Next Carrier,2020,CR_-RKSL-18-10610,CENTRAL,GREATER MIDWEST,ST. LOUIS,38.717444,-90.693555,LTE Next Carrier,iDAS,IB-LTE Next Carrier,169293,13528195,12-31-2019,null,01-30-2020,null,176
MRKSL028371,Citigroup - 1000 Technology Dr (Carrier Add),Active,IB ALL,IB-LTE Next Carrier,2020,CR_-RKSL-18-04094,CENTRAL,GREATER MIDWEST,ST. LOUIS,38.717444,-90.693555,LTE Next Carrier,iDAS,IB-LTE Next Carrier,169293,13528195,01-31-2019,null,11-17-2020,null,160
MRCHI037997,CTA HQ Building (Carrier Add),Active,IB ALL,IB-LTE Next Carrier,2020,CR_-RCHI-18-04535,CENTRAL,ILLINOIS/WISCONSIN,CHICAGO,41.885279,-87.642322,LTE Next Carrier,iDAS,IB-LTE Next Carrier,170603,13546007,07-31-2019,null,12-31-2020,null,81
MRIND033557,Notre Dame Stadium (Carrier Add),Active,IB ALL,IB-LTE Next Carrier,2020,NER-RIND-18-04348,CENTRAL,MICHIGAN/INDIANA,OUTSTATE MI,41.710833,-86.238333,LTE Next Carrier,iDAS,IB-LTE Next Carrier,169294,13565809,06-28-2019,null,08-01-2020,null,108
MRNTX044537,RAYTHEON COMPANY MCKINNEY TX (Carrier Add),Active,IB ALL,IB-LTE Next Carrier,2020,CR_-RNTX-18-08609,CENTRAL,NORTH TEXAS,DALLAS FT. WORTH,33.214645,-96.651464,LTE Next Carrier,iDAS,IB-LTE Next Carrier,169964,13574716,10-31-2019,null,06-30-2020,null,225
MROAR028020,AMERICAN AIRLINES TUL DAS (Carrier Add),Active,IB ALL,IB-LTE Next Carrier,2020,CR_-ROAR-18-05445,CENTRAL,ARKANSAS/OKLAHOMA,TULSA OK,36.20875,-95.872901,LTE Next Carrier,iDAS,IB-LTE Next Carrier,171859,13584241,12-31-2019,null,10-15-2020,null,266
MRIND035316,Twelve Oaks Mall,Active,IB ALL,IB-New Site,2020,NER-RIND-18-06506,CENTRAL,MICHIGAN/INDIANA,DETROIT,null,null,New Site,iDAS,IB-New Site,null,13597193,12-31-2020,null,12-31-2020,null,118
MRIND035318,Great Lakes Mall - Auburn Hills,Active,IB ALL,IB-New Site,2020,NER-RIND-18-06507,CENTRAL,MICHIGAN/INDIANA,DETROIT,null,null,New Site,iDAS,IB-New Site,null,13597200,12-31-2020,null,12-31-2020,null,121
MRIND035317,Detroit Medical Center,Active,IB ALL,IB-New Site,2020,NER-RIND-18-06504,CENTRAL,MICHIGAN/INDIANA,DETROIT,null,null,New Site,iDAS,IB-New Site,null,13634622,12-31-2020,null,12-31-2020,null,119
MRNTX046922,AMERICAN AIRLINES HEADQUARTERS (Carrier Add),Active,IB ALL,IB-LTE Next Carrier,2020,CR_-RNTX-18-13365,CENTRAL,NORTH TEXAS,DALLAS FT. WORTH,32.824731,-97.050364,LTE Next Carrier,iDAS,IB-LTE Next Carrier,170206,13660423,12-31-2019,null,06-30-2020,null,241
MRIND029183,St. Vincent Center - Indiana Pacers Training Facility - BTS Only,Active,IB ALL,IB-DAS Modification,2020,NER-RIND-17-08489,CENTRAL,MICHIGAN/INDIANA,INDIANAPOLIS,39.760237,-86.172241,DAS Modification,Other MOD,IB-DAS Modification,170339,13670466,12-31-2019,null,10-01-2020,null,95
MRCHI030992,Northwestern University - Jacob's Data Center DAS MOD,Active,IB ALL,IB-DAS Modification,2020,CR_-RCHI-17-09410,CENTRAL,ILLINOIS/WISCONSIN,CHICAGO,42.054183,-87.676175,DAS Modification,Other MOD,IB-DAS Modification,174536,13680715,12-31-2018,null,12-31-2020,null,15
MRIND029184,University of Michigan Medical Center Small Cell Phase 3,Active,IB ALL,IB-Small Cell,2020,NER-RIND-17-08490,CENTRAL,MICHIGAN/INDIANA,DETROIT,42.282001,-83.727368,Small Cell,Indoor MultiStandard Cov/Cap (UC3),IB-Small Cell,171328,13681188,12-31-2019,null,04-30-2020,null,96
MRSTX049013,MICHAEL E DEBACKEY HOUSTON VAMC (ERICSSON HET-NET) ISE NSB,Active,IB ALL,IB-New Site,2020,CR_-RSTX-18-14635,CENTRAL,SOUTH TEXAS,HOUSTON,null,null,New Site,ISE,IB-New Site,null,13692550,10-31-2019,null,07-30-2020,null,319
MRUMW027590,MN State Fair (Carrier Add),Active,IB ALL,IB-LTE Next Carrier,2020,CR_-RUMW-18-05760,CENTRAL,NORTHERN PLAINS,MINNESOTA,44.976292,-93.178948,LTE Next Carrier,iDAS,IB-LTE Next Carrier,173991,13694784,08-30-2019,null,12-31-2020,null,344
MRNTX046919,FT. HOOD- CARL R. DARNALL ARMY MED. CENTER (Carrier Add),Active,IB ALL,IB-LTE Next Carrier,2020,CR_-RNTX-18-13366,CENTRAL,NORTH TEXAS,CENTRAL TEXAS,31.127556,-97.77649,LTE Next Carrier,iDAS,IB-LTE Next Carrier,171414,13709299,11-29-2019,null,06-30-2020,null,237
MRNTX044597,Dallas Star - DAS MOD,Active,IB ALL,IB-DAS Modification,2020,CR_-RNTX-18-08612,CENTRAL,NORTH TEXAS,DALLAS FT. WORTH,33.109905,-96.830669,DAS Modification,Other MOD,IB-DAS Modification,172370,13732696,08-30-2019,null,06-30-2020,null,223
MRNTX021391,Texas Live! (Globe Life Ballpark Arlington TX),Active,IB ALL,IB-New Site,2020,CR_-RNTX-16-00394,CENTRAL,NORTH TEXAS,DALLAS FT. WORTH,32.749134,-97.085114,New Site,iDAS,IB-New Site,190226,13763724,12-31-2019,null,06-30-2020,null,181
MRNTX041291,Texas Live Hotel - Project Split DAS MOD,Active,IB ALL,IB-DAS Modification,2020,CR_-RNTX-18-04800,CENTRAL,NORTH TEXAS,DALLAS FT. WORTH,32.749134,-97.085114,DAS Modification,Other MOD,IB-DAS Modification,190226,13763724,07-31-2019,null,06-30-2020,null,209
MRUMW015027,University of Minnesota - Mariucci Arena (Big 10 Ice Hockey Super Bowl 2018),Active,IB ALL,IB-New Site,2020,CR_-RUMW-16-00310,CENTRAL,NORTHERN PLAINS,MINNESOTA,44.9776667,-93.2669694,New Site,iDAS,IB-New Site,185034,13763726,12-31-2018,null,01-31-2020,null,330
MRIND035795,Beaumont Hospital (Carrier Add),Active,IB ALL,IB-LTE Next Carrier,2020,NER-RIND-18-06952,CENTRAL,MICHIGAN/INDIANA,DETROIT,42.290726,-83.214,LTE Next Carrier,iDAS,IB-LTE Next Carrier,171977,13786450,08-30-2019,null,02-03-2020,null,135
MRIND035786,GM Flint Assembly (Carrier Add),Active,IB ALL,IB-LTE Next Carrier,2020,NER-RIND-18-06949,CENTRAL,MICHIGAN/INDIANA,DETROIT,42.98546,-83.71706,LTE Next Carrier,iDAS,IB-LTE Next Carrier,172389,13837717,01-31-2019,null,02-28-2020,null,131
MRSTX038917,Minute Maid Park (Carrier Add),Active,IB ALL,IB-LTE Next Carrier,2020,CR_-RSTX-18-01757,CENTRAL,SOUTH TEXAS,HOUSTON,29.749015,-95.36591,LTE Next Carrier,iDAS,IB-LTE Next Carrier,171861,13857868,12-31-2018,null,05-06-2020,null,288
MRSTX041693,MINUTE MAID PARK (Sprint Tenant MOD) 1st AMD,Active,IB ALL,IB-Neutral Host Tenant Add,2020,CR_-RSTX-18-04197,CENTRAL,SOUTH TEXAS,HOUSTON,29.749015,-95.36591,Neutral Host Tenant Add,iDAS,IB-Neutral Host Tenant Add,171861,13857868,12-31-2019,null,05-18-2020,null,296
MRNTX044543,HCA - MEDICAL CITY DALLAS (Carrier Add),Active,IB ALL,IB-LTE Next Carrier,2020,CR_-RNTX-18-08610,CENTRAL,NORTH TEXAS,DALLAS FT. WORTH,32.911653,-96.773996,LTE Next Carrier,iDAS,IB-LTE Next Carrier,172084,13864724,11-29-2019,null,06-30-2020,null,226
MRSTX024821,ASG ISE NSB POD TOSHIBA AMERICA,Active,IB ALL,IB-New Site,2020,CR_-RSTX-16-03460,CENTRAL,SOUTH TEXAS,HOUSTON,29.861374,-95.605403,New Site,ISE,IB-New Site,172631,13866625,12-29-2017,null,12-31-2020,null,271
MRUMW024363,HB FULLER ISE (FSM4 Swap) - DAS MOD,Active,IB ALL,IB-DAS Modification,2020,CR_-RUMW-18-02462,CENTRAL,NORTHERN PLAINS,MINNESOTA,45.0454639,-93.0512111,DAS Modification,ALU to Nokia FSM4 Swap,IB-DAS Modification,178485,14147254,12-31-2018,null,01-31-2020,null,350
MRSTX028159,ASG ISE NSB POD MITSUBISHI HEAVY INDUSTRIES,Active,IB ALL,IB-New Site,2020,CR_-RSTX-17-00002,CENTRAL,SOUTH TEXAS,HOUSTON,null,null,New Site,ISE,IB-New Site,null,14193511,12-29-2017,null,12-31-2020,null,272
MRCHI034262,ZEBRA TECHNOLOGIES (ERICSSON HET-NET) ISE NSB,Active,IB ALL,IB-New Site,2020,CR_-RCHI-18-00101,CENTRAL,ILLINOIS/WISCONSIN,CHICAGO,null,null,New Site,ISE,IB-New Site,null,14220776,12-31-2018,null,12-31-2020,null,33
MRKSL026104,AMSTEAD RAILS COMPANY ISE SMALL CELL,Active,IB ALL,IB-Small Cell,2020,CR_-RKSL-18-03111,CENTRAL,GREATER MIDWEST,ST. LOUIS,38.702593,-90.159037,Small Cell,Indoor MultiStandard (UC2),IB-Small Cell,182877,14235729,12-31-2018,null,03-25-2020,null,154
MRSTX047857,TECHNIP FMC HOUSTON ISE NSB,Active,IB ALL,IB-New Site,2020,CR_-RSTX-18-11358,CENTRAL,SOUTH TEXAS,HOUSTON,null,null,New Site,ISE,IB-New Site,null,14241381,12-31-2019,null,10-25-2020,null,327
MRIND033649,Ford Field - Additional 4 Field Level Zones,Active,IB ALL,IB-DAS Modification,2020,NER-RIND-18-04451,CENTRAL,MICHIGAN/INDIANA,DETROIT,42.332398,-83.054203,DAS Modification,Other MOD,IB-DAS Modification,185064,14270542,12-31-2018,null,01-31-2020,null,111
MRCHI034368,McDonalds Headquarters (Sprint Tenant Add),Active,IB ALL,IB-Neutral Host Tenant Add,2020,CR_-RCHI-18-01593,CENTRAL,ILLINOIS/WISCONSIN,CHICAGO,41.88351,-87.653467,Neutral Host Tenant Add,iDAS,IB-Neutral Host Tenant Add,193221,14270607,12-31-2018,null,12-31-2020,null,39
MROAR028029,VALLEY VIEW HIGH SCHOOL DAS (Carrier Add),Active,IB ALL,IB-LTE Next Carrier,2020,CR_-ROAR-18-05449,CENTRAL,ARKANSAS/OKLAHOMA,ARKANSAS,35.769616,-90.739242,LTE Next Carrier,iDAS,IB-LTE Next Carrier,184393,14280835,12-31-2019,null,01-17-2020,null,269
MRKSL024449,TUKH - Campus Wide (KU Med Center),Active,IB ALL,IB-DAS Modification,2020,CR_-RKSL-17-05673,CENTRAL,GREATER MIDWEST,KANSAS CITY,39.058128,-94.607888,DAS Modification,Other MOD,IB-DAS Modification,193993,14314877,12-31-2020,null,06-30-2020,null,147
MRUMW024367,WEST DES MOINES STORE (FSM4 Swap) - DAS MOD,Active,IB ALL,IB-DAS Modification,2020,CR_-RUMW-18-02464,CENTRAL,NORTHERN PLAINS,IOWA,41.562652,-93.799352,DAS Modification,ALU to Nokia FSM4 Swap,IB-DAS Modification,191126,14318446,12-31-2018,null,01-31-2020,null,351
MRSTX031398,UT ROWLING HALL (VENUE PAID),Active,IB ALL,IB-New Site,2020,CR_-RSTX-17-08222,CENTRAL,SOUTH TEXAS,AUSTIN,30.28244,-97.740342,New Site,iDAS,IB-New Site,200826,14323113,12-31-2018,null,08-06-2020,null,277
MRSTX044597,SAMSUNG SEMICONDUCTOR LAB DAS MOD,Active,IB ALL,IB-DAS Modification,2020,CR_-RSTX-18-08445,CENTRAL,SOUTH TEXAS,AUSTIN,30.377174,-97.640733,DAS Modification,Other MOD,IB-DAS Modification,185098,14341478,12-31-2018,null,09-15-2020,null,314
MRUMW024362,WELLS FARGO MINNESOTA (FSM4 Swap) - DAS MOD,Active,IB ALL,IB-DAS Modification,2020,CR_-RUMW-18-02465,CENTRAL,NORTHERN PLAINS,MINNESOTA,44.97647,-93.260595,DAS Modification,ALU to Nokia FSM4 Swap,IB-DAS Modification,191350,14364198,12-31-2018,null,01-31-2020,null,349
MRUMW022138,JOHN DEERE & CO HQ NH ISE NSB,Active,IB ALL,IB-New Site,2020,CR_-RUMW-17-05563,CENTRAL,NORTHERN PLAINS,IOWA,41.476831,-90.424373,New Site,ISE,IB-New Site,191581,14371627,12-31-2018,null,01-31-2020,null,334
MRSTX035226,POTRANCO ROAD COR STORE (Ericsson HET-NET) - AT&T COR Store-FA Activation Only,Active,IB ALL,IB-New Site,2020,CR_-RSTX-17-10858,CENTRAL,SOUTH TEXAS,SAN ANTONIO,null,null,New Site,iDAS,IB-New Site,null,14371628,12-31-2019,null,06-23-2020,null,279
MRUMW022253,UNIVERSITY OF MINNESOTA - NORTHRUP AUDITORIUM (2018 Super Bowl),Active,IB ALL,IB-New Site,2020,CR_-RUMW-17-05633,CENTRAL,NORTHERN PLAINS,MINNESOTA,44.9776667,-93.2669694,New Site,iDAS,IB-New Site,191580,14372638,12-31-2018,null,01-31-2020,null,337
MRUMW023599,University of Minnesota - Northrup Auditorium (Verizon Temp Solution 2018 Super Bowl),Active,IB ALL,IB-Neutral Host Tenant Add,2020,CR_-RUMW-18-00471,CENTRAL,NORTHERN PLAINS,MINNESOTA,44.9776667,-93.2669694,Neutral Host Tenant Add,iDAS,IB-Neutral Host Tenant Add,191580,14372638,02-28-2018,null,01-31-2020,null,340
MRUMW022482,SULLIVAN LAKE MEDTRONIC ISE SPIDERCLOUD SMALL CELL,Active,IB ALL,IB-Small Cell,2020,CR_-RUMW-17-05869,CENTRAL,NORTHERN PLAINS,MINNESOTA,null,null,Small Cell,Indoor MultiStandard (UC2),IB-Small Cell,null,14435267,12-31-2018,null,01-31-2020,null,336
MRNTX036881,Globe Life Field (Rangers New Stadium),Active,IB ALL,IB-New Site,2020,CR_-RNTX-17-14290,CENTRAL,NORTH TEXAS,DALLAS FT. WORTH,null,null,New Site,iDAS,IB-New Site,null,14462935,06-28-2019,null,06-30-2020,null,197
MROAR022867,Saint Francis Hospital Tulsa (VZ DAS),Active,IB ALL,IB-New Site,2020,CR_-ROAR-17-66392,CENTRAL,ARKANSAS/OKLAHOMA,TULSA OK,36.0736,-95.9185,New Site,iDAS,IB-New Site,203479,14462936,12-31-2020,null,03-29-2020,null,247
MRKSL024439,Oak Park Mall (Overland Park KS),Active,IB ALL,IB-New Site,2020,CR_-RKSL-17-05672,CENTRAL,GREATER MIDWEST,KANSAS CITY,38.953623,-94.719284,New Site,iDAS,IB-New Site,208264,14462937,06-30-2020,null,08-29-2020,null,146
MRSTX036659,The Westin Austin at The Domain,Active,IB ALL,IB-New Site,2020,CR_-RSTX-17-11633,CENTRAL,SOUTH TEXAS,AUSTIN,null,null,New Site,iDAS,IB-New Site,null,14462938,06-30-2020,null,06-27-2020,null,286
MRNTX036954,El Paso Coliseum,Active,IB ALL,IB-New Site,2020,CR_-RNTX-17-14293,CENTRAL,NORTH TEXAS,EL PASO,null,null,New Site,iDAS,IB-New Site,null,14462939,07-31-2020,null,06-30-2020,null,198
MRUMW023335,US Bank Plaza,Active,IB ALL,IB-New Site,2020,CR_-RUMW-17-05848,CENTRAL,NORTHERN PLAINS,MINNESOTA,null,null,New Site,iDAS,IB-New Site,null,14462940,12-31-2020,null,01-31-2020,null,341
MROAR022728,Tulsa International Airport,Active,IB ALL,IB-New Site,2020,CR_-ROAR-17-66394,CENTRAL,ARKANSAS/OKLAHOMA,TULSA OK,null,null,New Site,iDAS,IB-New Site,null,14462941,12-31-2020,null,04-15-2020,null,248
MROAR022866,Goodyear Tire Rubber Lawton,Active,IB ALL,IB-New Site,2020,CR_-ROAR-17-66398,CENTRAL,ARKANSAS/OKLAHOMA,OKLAHOMA CITY,34.597445,-98.514775,New Site,iDAS,IB-New Site,203477,14462943,12-31-2020,null,05-31-2020,null,246
MRSTX036654,The Shops at La Cantera,Active,IB ALL,IB-New Site,2020,CR_-RSTX-17-11635,CENTRAL,SOUTH TEXAS,SAN ANTONIO,null,null,New Site,iDAS,IB-New Site,null,14462944,06-30-2020,null,07-01-2020,null,284
MRSTX036658,San Antonio International Airport (SAT),Active,IB ALL,IB-New Site,2020,CR_-RSTX-17-11634,CENTRAL,SOUTH TEXAS,SAN ANTONIO,null,null,New Site,iDAS,IB-New Site,null,14462945,12-31-2019,null,08-10-2020,null,285
MRCHI032375,One South Wacker (Chicago Pilot),Active,IB ALL,IB-New Site,2020,CR_-RCHI-17-09430,CENTRAL,ILLINOIS/WISCONSIN,CHICAGO,null,null,New Site,iDAS,IB-New Site,null,14465898,12-31-2019,null,12-31-2020,null,18
MRCHI032381,10 South Riverside Plaza,Active,IB ALL,IB-New Site,2020,CR_-RCHI-17-09432,CENTRAL,ILLINOIS/WISCONSIN,CHICAGO,null,null,New Site,iDAS,IB-New Site,null,14465899,05-29-2020,null,12-31-2020,null,19
MRCHI032383,NICTD-Millennium Station at Randolph,Active,IB ALL,IB-New Site,2020,CR_-RCHI-17-11380,CENTRAL,ILLINOIS/WISCONSIN,CHICAGO,null,null,New Site,iDAS,IB-New Site,null,14465900,12-31-2020,null,12-31-2020,null,20
MRCHI034282,Oakbrook Center Mall (Chicago Pilot),Active,IB ALL,IB-New Site,2020,CR_-RCHI-18-00317,CENTRAL,ILLINOIS/WISCONSIN,CHICAGO,null,null,New Site,iDAS,IB-New Site,null,14465944,12-31-2019,null,12-31-2020,null,52
MRNTX036930,Dickies Arena,Active,IB ALL,IB-New Site,2020,CR_-RNTX-17-14291,CENTRAL,NORTH TEXAS,DALLAS FT. WORTH,null,null,New Site,iDAS,IB-New Site,null,14466201,06-30-2020,null,06-30-2020,null,199
MRIND029844,HENRY FORD HEALTH SYSTEM CANCER CENTER ISE NSB,Active,IB ALL,IB-New Site,2020,NER-RIND-18-00007,CENTRAL,MICHIGAN/INDIANA,DETROIT,null,null,New Site,ISE,IB-New Site,null,14474867,12-31-2019,null,06-01-2020,null,94
MRIND029818,HENRY FORD MACOMB HOSPITAL DETROIT ISE NSB,Active,IB ALL,IB-New Site,2020,NER-RIND-17-09022,CENTRAL,MICHIGAN/INDIANA,DETROIT,null,null,New Site,ISE,IB-New Site,null,14474868,12-31-2018,null,06-01-2020,null,93
MRIND029466,HENRY FORD WYANDOTTE HOSPITAL DETROIT ISE NSB,Active,IB ALL,IB-New Site,2020,NER-RIND-17-08907,CENTRAL,MICHIGAN/INDIANA,DETROIT,null,null,New Site,ISE,IB-New Site,null,14474869,12-31-2018,null,06-01-2020,null,92
MRUMW023510,Federal Reserve Bank Omaha Branch - (VENUE PAID),Active,IB ALL,IB-New Site,2020,CR_-RUMW-17-06674,CENTRAL,NORTHERN PLAINS,NEBRASKA,41.257114,-95.944951,New Site,iDAS,IB-New Site,202165,14498129,07-31-2018,null,01-31-2020,null,339
MRKSL025296,AT&T OFFICE BUILDIING (801 CHESTNUT),Active,IB ALL,IB-New Site,2020,CR_-RKSL-17-08285,CENTRAL,GREATER MIDWEST,ST. LOUIS,38.6275667,-90.1935222,New Site,iDAS,IB-New Site,201376,14500268,12-31-2019,null,08-18-2020,null,148
MRIND030711,Indiana State Capitol Building (First Net),Active,IB ALL,IB-New Site,2020,NER-RIND-18-00056,CENTRAL,MICHIGAN/INDIANA,INDIANAPOLIS,39.768094,-86.162679,New Site,iDAS,IB-New Site,207985,14515277,01-31-2019,null,11-15-2020,null,100
MRIND030709,Indiana State Capitol Building South (First Net),Active,IB ALL,IB-New Site,2020,NER-RIND-18-00058,CENTRAL,MICHIGAN/INDIANA,INDIANAPOLIS,39.767889,-86.165877,New Site,iDAS,IB-New Site,207990,14515279,01-31-2019,null,11-15-2020,null,98
MRIND030710,Indiana State Capitol Building North (First Net),Active,IB ALL,IB-New Site,2020,NER-RIND-18-00057,CENTRAL,MICHIGAN/INDIANA,INDIANAPOLIS,39.768975,-86.165069,New Site,iDAS,IB-New Site,207989,14515280,01-31-2019,null,11-15-2020,null,99
MRCHI034373,Illinois Emergency Management Agency (FirstNet),Active,IB ALL,IB-New Site,2020,CR_-RCHI-18-00051,CENTRAL,ILLINOIS/WISCONSIN,CENTRAL ILLINOIS,null,null,New Site,iDAS,IB-New Site,null,14518148,12-31-2019,null,12-31-2020,null,46
MRCHI034374,Milwaukee OEMC (FirstNet),Active,IB ALL,IB-New Site,2020,CR_-RCHI-18-00052,CENTRAL,ILLINOIS/WISCONSIN,WISCONSIN,null,null,New Site,iDAS,IB-New Site,null,14518149,12-31-2019,null,12-31-2020,null,48
MRCHI034372,Chicago OEMC (FirstNet),Active,IB ALL,IB-New Site,2020,CR_-RCHI-18-00050,CENTRAL,ILLINOIS/WISCONSIN,CHICAGO,41.881222,-87.662401,New Site,iDAS,IB-New Site,214332,14518150,12-31-2019,null,12-31-2020,null,45
MRCHI033927,CHAMBERLAIN HDQTRS (SPIDERCLOUD) ISE SMALL CELL,Active,IB ALL,IB-Small Cell,2020,CR_-RCHI-18-00053,CENTRAL,ILLINOIS/WISCONSIN,CHICAGO,41.852524,-87.924824,Small Cell,Indoor MultiStandard (UC2),IB-Small Cell,208699,14522454,12-31-2018,null,12-31-2020,null,21
MRCHI034267,135 S. LaSalle (Chicago Pilot),Active,IB ALL,IB-New Site,2020,CR_-RCHI-18-00291,CENTRAL,ILLINOIS/WISCONSIN,CHICAGO,41.881672,-87.632192,New Site,iDAS,IB-New Site,212862,14533654,12-31-2019,null,12-31-2020,null,36
MRCHI034268,230 W. Monroe (Chicago Pilot),Active,IB ALL,IB-New Site,2020,CR_-RCHI-18-00303,CENTRAL,ILLINOIS/WISCONSIN,CHICAGO,41.881071,-87.634872,New Site,iDAS,IB-New Site,222740,14533655,12-31-2019,null,12-31-2020,null,37
MRCHI034277,1330 W. Fulton (Chicago Pilot),Active,IB ALL,IB-New Site,2020,CR_-RCHI-18-00312,CENTRAL,ILLINOIS/WISCONSIN,CHICAGO,41.88702,-87.660275,New Site,iDAS,IB-New Site,220077,14533656,12-31-2019,null,12-31-2020,null,47
MRCHI034288,101 N Wacker (Chicago Pilot),Active,IB ALL,IB-New Site,2020,CR_-RCHI-18-00296,CENTRAL,ILLINOIS/WISCONSIN,CHICAGO,41.883556,-87.636409,New Site,iDAS,IB-New Site,216991,14533657,12-31-2019,null,12-31-2020,null,22
MRCHI034308,Museum of Science and Industry (Chicago Pilot),Active,IB ALL,IB-New Site,2020,CR_-RCHI-18-00299,CENTRAL,ILLINOIS/WISCONSIN,CHICAGO,null,null,New Site,iDAS,IB-New Site,null,14533659,12-31-2019,null,12-31-2020,null,31
MRCHI034299,1 K FULTON (Chicago Pilot),Active,IB ALL,IB-New Site,2020,CR_-RCHI-18-00300,CENTRAL,ILLINOIS/WISCONSIN,CHICAGO,null,null,New Site,iDAS,IB-New Site,null,14533660,12-31-2019,null,12-31-2020,null,28
MRCHI034298,115 South LaSalle (Chicago Pilot),Active,IB ALL,IB-New Site,2020,CR_-RCHI-18-00301,CENTRAL,ILLINOIS/WISCONSIN,CHICAGO,41.88039,-87.631941,New Site,iDAS,IB-New Site,219725,14533661,12-31-2019,null,12-31-2020,null,27
MRCHI034313,11 South LaSalle Residence Inn (Chicago Pilot),Active,IB ALL,IB-New Site,2020,CR_-RCHI-18-00302,CENTRAL,ILLINOIS/WISCONSIN,CHICAGO,41.881672,-87.632192,New Site,iDAS,IB-New Site,212862,14533662,12-31-2019,null,12-31-2020,null,32
MRCHI034270,1 E. Wacker (Chicago Pilot),Active,IB ALL,IB-New Site,2020,CR_-RCHI-18-00305,CENTRAL,ILLINOIS/WISCONSIN,CHICAGO,null,null,New Site,iDAS,IB-New Site,null,14533664,12-31-2019,null,12-31-2020,null,40
MRCHI034271,33 W. Monroe (Chicago Pilot),Active,IB ALL,IB-New Site,2020,CR_-RCHI-18-00307,CENTRAL,ILLINOIS/WISCONSIN,CHICAGO,null,null,New Site,iDAS,IB-New Site,null,14533665,12-31-2019,null,12-31-2020,null,41
MRCHI034273,33 N. Dearborn (Chicago Pilot),Active,IB ALL,IB-New Site,2020,CR_-RCHI-18-00308,CENTRAL,ILLINOIS/WISCONSIN,CHICAGO,null,null,New Site,iDAS,IB-New Site,null,14533666,12-31-2019,null,12-31-2020,null,43
MRCHI034274,Malcolm X College (Chicago Pilot),Active,IB ALL,IB-New Site,2020,CR_-RCHI-18-00309,CENTRAL,ILLINOIS/WISCONSIN,CHICAGO,null,null,New Site,iDAS,IB-New Site,null,14533667,12-31-2019,null,12-31-2020,null,44
MRCHI034281,Inn of Chicago - Chartres (Chicago Pilot),Active,IB ALL,IB-New Site,2020,CR_-RCHI-18-00315,CENTRAL,ILLINOIS/WISCONSIN,CHICAGO,null,null,New Site,iDAS,IB-New Site,null,14533671,12-31-2019,null,12-31-2020,null,51
MRCHI034302,401 Michigan Ave (Chicago Pilot),Active,IB ALL,IB-New Site,2020,CR_-RCHI-18-00293,CENTRAL,ILLINOIS/WISCONSIN,CHICAGO,41.889586,-87.62297,New Site,iDAS,IB-New Site,216919,14533672,12-31-2019,null,12-31-2020,null,30
MRCHI034296,111 North Canal (Chicago Pilot),Active,IB ALL,IB-New Site,2020,CR_-RCHI-18-00292,CENTRAL,ILLINOIS/WISCONSIN,CHICAGO,41.883606,-87.639382,New Site,iDAS,IB-New Site,227851,14533673,12-31-2019,null,12-31-2020,null,25
MRCHI034376,LEXMARK SCHAUMBURG (SPIDERCLOUD) ISE SMALL CELL,Active,IB ALL,IB-Small Cell,2020,CR_-RCHI-18-01655,CENTRAL,ILLINOIS/WISCONSIN,CHICAGO,null,null,Small Cell,Indoor MultiStandard (UC2),IB-Small Cell,null,14536929,12-31-2018,null,12-31-2020,null,49
MRNTX039186,GM ARLINGTON ASSEMBLY ISE NSB,Active,IB ALL,IB-New Site,2020,CR_-RNTX-18-03421,CENTRAL,NORTH TEXAS,DALLAS FT. WORTH,32.738447,-97.073555,New Site,ISE,IB-New Site,220872,14536991,12-31-2018,null,06-30-2020,null,208
MRIND033468,AT&T Commercial Building (Meridian St.) - 3GSC Overlay RDOT - LTE1C,Active,IB ALL,IB-New Site,2020,NER-RIND-18-00469,CENTRAL,MICHIGAN/INDIANA,INDIANAPOLIS,null,null,New Site,iDAS,IB-New Site,null,14539323,12-31-2019,null,12-15-2020,null,115
MRKSL026060,BOEING COMPANY BERKELEY 73-107 ISE MOD,Active,IB ALL,IB-DAS Modification,2020,CR_-RKSL-18-01846,CENTRAL,GREATER MIDWEST,ST. LOUIS,null,null,DAS Modification,Other MOD,IB-DAS Modification,null,14551599,12-31-2018,null,09-07-2020,null,151
MRKSL026059,BOEING COMPANY BERKELEY 73-102 ISE MOD,Active,IB ALL,IB-DAS Modification,2020,CR_-RKSL-18-01847,CENTRAL,GREATER MIDWEST,ST. LOUIS,null,null,DAS Modification,Other MOD,IB-DAS Modification,null,14551599,12-31-2018,null,09-07-2020,null,150
MRKSL026058,BOEING COMPANY BERKELEY 73-106 ISE MOD,Active,IB ALL,IB-DAS Modification,2020,CR_-RKSL-18-01849,CENTRAL,GREATER MIDWEST,ST. LOUIS,null,null,DAS Modification,Other MOD,IB-DAS Modification,null,14551599,12-31-2018,null,09-07-2020,null,149
MRKSL025852,BOEING 73-101 BERKELEY MO ISE NSB,Active,IB ALL,IB-New Site,2020,CR_-RKSL-18-01616,CENTRAL,GREATER MIDWEST,ST. LOUIS,null,null,New Site,ISE,IB-New Site,null,14551599,12-31-2018,null,09-07-2020,null,153
MRKSL026061,BOEING COMPANY BERKELEY 73-105 ISE MOD,Active,IB ALL,IB-DAS Modification,2020,CR_-RKSL-18-01848,CENTRAL,GREATER MIDWEST,ST. LOUIS,null,null,DAS Modification,Other MOD,IB-DAS Modification,null,14551599,12-31-2018,null,09-07-2020,null,152
MRUMW024299,HDR HDQTR OMAHA NE ISE NSB,Active,IB ALL,IB-New Site,2020,CR_-RUMW-18-02451,CENTRAL,NORTHERN PLAINS,NEBRASKA,41.2400361,-96.0142417,New Site,ISE,IB-New Site,205909,14563542,12-31-2018,null,01-31-2020,null,346
MRSTX039531,MOORE PLAZA STORE 1220 - COR Store,Active,IB ALL,IB-New Site,2020,CR_-RSTX-18-02085,CENTRAL,SOUTH TEXAS,SAN ANTONIO,null,null,New Site,iDAS,IB-New Site,null,14585095,12-31-2018,null,07-05-2020,null,290
MRUMW024706,FOREST LAKE - COR Store,Active,IB ALL,IB-New Site,2020,CR_-RUMW-18-03720,CENTRAL,NORTHERN PLAINS,MINNESOTA,null,null,New Site,iDAS,IB-New Site,null,14585096,12-31-2018,null,01-31-2020,null,352
MRUMW030874,FOREST LAKE - COR Store,Active,IB ALL,IB-Small Cell,2020,CR_-RUMW-18-09576,CENTRAL,NORTHERN PLAINS,MINNESOTA,null,null,Small Cell,Indoor MultiStandard Cov/Cap (UC3),IB-Small Cell,null,14585096,12-31-2018,null,12-31-2020,null,356
MRUMW030900,EDEN PRAIRIE CENTER - COR Store,Active,IB ALL,IB-Small Cell,2020,CR_-RUMW-18-09575,CENTRAL,NORTHERN PLAINS,MINNESOTA,null,null,Small Cell,Indoor MultiStandard Cov/Cap (UC3),IB-Small Cell,null,14585097,12-31-2018,null,12-31-2020,null,358
MRIND030795,STRYKER HQ EXPANSION PORTAGE ISE SMALL CELL,Active,IB ALL,IB-Small Cell,2020,NER-RIND-18-01458,CENTRAL,MICHIGAN/INDIANA,OUTSTATE MI,null,null,Small Cell,Indoor MultiStandard (UC2),IB-Small Cell,null,14585098,12-31-2018,null,03-25-2020,null,97
MRCHI035865,WRIGLEY BUILDING - 410 N MICHIGAN AVE (Chicago Pilot) -  (BTS Only),Active,IB ALL,IB-New Site,2020,CR_-RCHI-18-02945,CENTRAL,ILLINOIS/WISCONSIN,CHICAGO,41.889453,-87.624943,New Site,3rd Party DAS,IB-New Site,217744,14596188,07-31-2019,null,12-31-2020,null,55
MRCHI036112,CHICAGO CITY HALL - CHICAGO IL (Macro Driven Capacity),Active,IB ALL,IB-New Site,2020,CR_-RCHI-18-02987,CENTRAL,ILLINOIS/WISCONSIN,CHICAGO,null,null,New Site,iDAS,IB-New Site,null,14596189,07-31-2019,null,12-31-2020,null,62
MRCHI036093,ILLINOIS INSTITUTE OF ART - CHICAGO IL (Macro Driven Capacity),Active,IB ALL,IB-New Site,2020,CR_-RCHI-18-02988,CENTRAL,ILLINOIS/WISCONSIN,CHICAGO,null,null,New Site,iDAS,IB-New Site,null,14596190,07-31-2019,null,12-31-2020,null,59
MRCHI036027,BLOCK 37 108 N STATE ST - CHICAGO IL (Macro Driven Capacity),Active,IB ALL,IB-New Site,2020,CR_-RCHI-18-02989,CENTRAL,ILLINOIS/WISCONSIN,CHICAGO,null,null,New Site,iDAS,IB-New Site,null,14596191,07-31-2019,null,12-31-2020,null,66
MRCHI036125,RICHARD J DALEY CENTER - CHICAGO IL (Macro Driven Capacity),Active,IB ALL,IB-New Site,2020,CR_-RCHI-18-02986,CENTRAL,ILLINOIS/WISCONSIN,CHICAGO,null,null,New Site,iDAS,IB-New Site,null,14596221,07-31-2019,null,12-31-2020,null,67
MRKSL027247,OPTUM OVERLAND PARK ISE NSB,Active,IB ALL,IB-New Site,2020,CR_-RKSL-18-03363,CENTRAL,GREATER MIDWEST,KANSAS CITY,null,null,New Site,ISE,IB-New Site,null,14600868,12-31-2018,null,08-12-2020,null,155
MRKSL027692,STATE OF MO TRUMAN BLDG ISE SMALL CELL,Active,IB ALL,IB-Small Cell,2020,CR_-RKSL-18-03705,CENTRAL,GREATER MIDWEST,ST. LOUIS,38.578929,-92.176221,Small Cell,Indoor MultiStandard (UC2),IB-Small Cell,214321,14636431,12-31-2018,null,06-08-2020,null,157
MRNTX042574,GRAND PRAIRIE PUBLIC SAFETY (ERICSSON HET-NET) ISE NSB,Active,IB ALL,IB-New Site,2020,CR_-RNTX-18-06068,CENTRAL,NORTH TEXAS,DALLAS FT. WORTH,32.704933,-97.028489,New Site,ISE,IB-New Site,231733,14647560,12-31-2018,null,06-30-2020,null,216
MRCHI036314,DOVER DOWNERS GROVE IL ISE NSB,Active,IB ALL,IB-New Site,2020,CR_-RCHI-18-03104,CENTRAL,ILLINOIS/WISCONSIN,CHICAGO,null,null,New Site,ISE,IB-New Site,null,14650666,12-31-2018,null,12-31-2020,null,56
MRCHI036313,GE HEALTHCARE INNOVATION WAY ISE NSB,Active,IB ALL,IB-New Site,2020,CR_-RCHI-18-03105,CENTRAL,ILLINOIS/WISCONSIN,WISCONSIN,43.03971,-88.03578,New Site,ISE,IB-New Site,215771,14650669,12-31-2018,null,12-31-2020,null,54
MRKSL027960,BJC MEMORIAL HOSPITAL BELLEVILLE IL ISE NSB,Active,IB ALL,IB-New Site,2020,CR_-RKSL-18-03810,CENTRAL,GREATER MIDWEST,ST. LOUIS,null,null,New Site,ISE,IB-New Site,null,14652369,12-31-2018,null,09-27-2020,null,156
MRUMW027364,COMMSCOPE TEST FACILITY - FSM4 - (VENUE PAID),Active,IB ALL,IB-New Site,2020,CR_-RUMW-18-05291,CENTRAL,NORTHERN PLAINS,MINNESOTA,44.796688,-93.489447,New Site,iDAS,IB-New Site,215979,14652375,12-31-2018,null,01-31-2020,null,343
MRCHI036352,AAR HQ WOOD DALE IL (ERICSSON HET-NET) ISE NSB,Active,IB ALL,IB-New Site,2020,CR_-RCHI-18-03117,CENTRAL,ILLINOIS/WISCONSIN,CHICAGO,null,null,New Site,ISE,IB-New Site,null,14657663,12-31-2018,null,12-31-2020,null,63
MRKSL028183,Federal Reserve Bank Plaza - NSB Repeater (Re-Tune Only),Active,IB ALL,IB-New Site,2020,CR_-RKSL-18-04096,CENTRAL,GREATER MIDWEST,ST. LOUIS,null,null,New Site,Repeater,IB-New Site,null,14668868,07-31-2018,null,09-18-2020,null,168
MRIND033554,INDIANAPOLIS PUBLIC SAFETY COMM 911 CTR ISE NSB,Active,IB ALL,IB-New Site,2020,NER-RIND-18-04356,CENTRAL,MICHIGAN/INDIANA,INDIANAPOLIS,null,null,New Site,ISE,IB-New Site,null,14674182,12-31-2018,null,06-01-2020,null,104
MRIND033556,INDIANAPOLIS MARION COUNTY BLDG EAST WING ISE NSB,Active,IB ALL,IB-New Site,2020,NER-RIND-18-04357,CENTRAL,MICHIGAN/INDIANA,INDIANAPOLIS,null,null,New Site,ISE,IB-New Site,null,14674202,12-31-2018,null,12-31-2020,null,109
MRNTX042638,ALLIANCE DATA SYSTEMS (ERICSSON HET-NET) ISE NSB,Active,IB ALL,IB-New Site,2020,CR_-RNTX-18-06699,CENTRAL,NORTH TEXAS,DALLAS FT. WORTH,33.080995,-96.823743,New Site,ISE,IB-New Site,221666,14679469,12-31-2018,null,06-30-2020,null,218
MRNTX043300,SWA ROC 2.0 CAMPUS ISE NSB,Active,IB ALL,IB-New Site,2020,CR_-RNTX-18-07106,CENTRAL,NORTH TEXAS,DALLAS FT. WORTH,null,null,New Site,ISE,IB-New Site,null,14694202,12-31-2018,null,06-30-2020,null,220
MRSTX042207,HOLT SAN ANTONIO (ERICSSON HET-NET) ISE NSB,Active,IB ALL,IB-New Site,2020,CR_-RSTX-18-04436,CENTRAL,SOUTH TEXAS,SAN ANTONIO,null,null,New Site,ISE,IB-New Site,null,14697806,12-31-2018,null,07-21-2020,null,295
MRKSL028484,AMEREN HQ ST. LOUIS ISE NSB,Active,IB ALL,IB-New Site,2020,CR_-RKSL-18-08351,CENTRAL,GREATER MIDWEST,ST. LOUIS,null,null,New Site,ISE,IB-New Site,null,14700007,12-31-2018,null,11-17-2020,null,159
MRCHI036742,BRADY CORP MILWAUKEE ISE NSB,Active,IB ALL,IB-New Site,2020,CR_-RCHI-18-03308,CENTRAL,ILLINOIS/WISCONSIN,WISCONSIN,null,null,New Site,ISE,IB-New Site,null,14714199,12-31-2018,null,12-31-2020,null,68
MRCHI036819,CITY OF MILWAUKEE PUBLIC SAFETY ISE NSB,Active,IB ALL,IB-New Site,2020,CR_-RCHI-18-03309,CENTRAL,ILLINOIS/WISCONSIN,WISCONSIN,null,null,New Site,ISE,IB-New Site,null,14715317,12-31-2018,null,12-31-2020,null,73
MRCHI037108,SPRINGFIELD PD (3GSC Overlay - LTE1C),Active,IB ALL,IB-New Site,2020,CR_-RCHI-18-03644,CENTRAL,ILLINOIS/WISCONSIN,CENTRAL ILLINOIS,null,null,New Site,iDAS,IB-New Site,null,14717725,03-29-2019,null,12-31-2020,null,69
MRNTX043888,GUIDESTONE FINANCIAL DALLAS ISE NSB,Active,IB ALL,IB-New Site,2020,CR_-RNTX-18-08516,CENTRAL,NORTH TEXAS,DALLAS FT. WORTH,null,null,New Site,ISE,IB-New Site,null,14718349,12-31-2018,null,06-30-2020,null,224
MRCHI037114,SPRINGFIELD POLICE DEPARTMENT (3GSC Overlay - LTE1C),Active,IB ALL,IB-New Site,2020,CR_-RCHI-18-03631,CENTRAL,ILLINOIS/WISCONSIN,CENTRAL ILLINOIS,null,null,New Site,iDAS,IB-New Site,null,14719345,03-29-2019,null,12-31-2020,null,70
MRIND033711,UNIVERSITY OF MICHIGAN BRIGHTON DIAG ISE NSB,Active,IB ALL,IB-New Site,2020,NER-RIND-18-05723,CENTRAL,MICHIGAN/INDIANA,DETROIT,null,null,New Site,ISE,IB-New Site,null,14721615,12-31-2018,null,01-15-2020,null,107
MRNTX044595,USAA PLANO TX ISE NSB,Active,IB ALL,IB-New Site,2020,CR_-RNTX-18-08550,CENTRAL,NORTH TEXAS,DALLAS FT. WORTH,null,null,New Site,ISE,IB-New Site,null,14721626,12-31-2019,null,06-30-2020,null,222
MRSTX044595,ERCOT BASTROP TX ISE NSB,Active,IB ALL,IB-New Site,2020,CR_-RSTX-18-08456,CENTRAL,SOUTH TEXAS,AUSTIN,null,null,New Site,ISE,IB-New Site,null,14722627,12-31-2018,null,05-30-2020,null,312
MRSTX044855,RBF CREDIT UNION SAN ANTONIO ISE NSB,Active,IB ALL,IB-New Site,2020,CR_-RSTX-18-08573,CENTRAL,SOUTH TEXAS,SAN ANTONIO,null,null,New Site,ISE,IB-New Site,null,14726773,12-31-2019,null,07-25-2020,null,313
MRCHI037131,HENDRICKSON WOODBRIDGE IL ISE NSB,Active,IB ALL,IB-New Site,2020,CR_-RCHI-18-03621,CENTRAL,ILLINOIS/WISCONSIN,CHICAGO,null,null,New Site,ISE,IB-New Site,null,14726776,12-31-2019,null,12-31-2020,null,74
MRIND034453,COMMUNITY HOSPITAL EAST ISE NSB,Active,IB ALL,IB-New Site,2020,NER-RIND-18-05953,CENTRAL,MICHIGAN/INDIANA,INDIANAPOLIS,null,null,New Site,ISE,IB-New Site,null,14729410,12-31-2019,null,03-31-2020,null,113
MRKSL029932,ANHEUSER BUSCH HQ ISE NSB,Active,IB ALL,IB-New Site,2020,CR_-RKSL-18-09470,CENTRAL,GREATER MIDWEST,ST. LOUIS,null,null,New Site,ISE,IB-New Site,null,14735476,12-31-2019,null,10-04-2020,null,170
MRNTX044591,TD AMERITRADE SOUTHLAKE ISE NSB,Active,IB ALL,IB-New Site,2020,CR_-RNTX-18-08758,CENTRAL,NORTH TEXAS,DALLAS FT. WORTH,null,null,New Site,ISE,IB-New Site,null,14737089,12-31-2019,null,06-30-2020,null,221
MRIND035242,GENERAL MOTORS POWERTRAIN HQ ISE NSB,Active,IB ALL,IB-New Site,2020,NER-RIND-18-06445,CENTRAL,MICHIGAN/INDIANA,DETROIT,null,null,New Site,ISE,IB-New Site,null,14737974,12-31-2019,null,06-01-2020,null,116
MRCHI034265,2 ILLINOIS CENTER (CHICAGO PILOT),Active,IB ALL,IB-New Site,2020,CR_-RCHI-18-00289,CENTRAL,ILLINOIS/WISCONSIN,CHICAGO,null,null,New Site,iDAS,IB-New Site,null,14738397,12-31-2019,null,12-31-2020,null,34
MRIND034936,PLASTIPAK DETROIT ISE SMALL CELL,Active,IB ALL,IB-Small Cell,2020,NER-RIND-18-06465,CENTRAL,MICHIGAN/INDIANA,DETROIT,null,null,Small Cell,Indoor MultiStandard upgrade (UC2),IB-Small Cell,null,14742277,12-31-2019,null,03-31-2020,null,120
MRSTX045152,CTECC AUSTIN  ISE NSB,Active,IB ALL,IB-New Site,2020,CR_-RSTX-18-08712,CENTRAL,SOUTH TEXAS,AUSTIN,null,null,New Site,ISE,IB-New Site,null,14744141,12-31-2019,null,09-23-2020,null,310
MRCHI038174,UL HQ NORTHBROOK IL ISE NSB,Active,IB ALL,IB-New Site,2020,CR_-RCHI-18-04540,CENTRAL,ILLINOIS/WISCONSIN,CHICAGO,null,null,New Site,ISE,IB-New Site,null,14744765,12-31-2019,null,12-31-2020,null,75
MRUMW030205,MS/AEGON/TRANSAMERICA (SPIDERCLOUD) ISE SMALLCELL,Active,IB ALL,IB-Small Cell,2020,CR_-RUMW-18-09055,CENTRAL,NORTHERN PLAINS,IOWA,null,null,Small Cell,Indoor MultiStandard (UC2),IB-Small Cell,null,14749848,12-31-2019,null,06-30-2020,null,354
MRNTX045161,SAFRAN ZODIAC GAINSVILLE ISE NSB,Active,IB ALL,IB-New Site,2020,CR_-RNTX-18-09176,CENTRAL,NORTH TEXAS,DALLAS FT. WORTH,null,null,New Site,ISE,IB-New Site,null,14769706,12-31-2019,null,06-30-2020,null,229
MRNTX045162,GARTNER IRVING TX ISE NSB,Active,IB ALL,IB-New Site,2020,CR_-RNTX-18-09174,CENTRAL,NORTH TEXAS,DALLAS FT. WORTH,null,null,New Site,ISE,IB-New Site,null,14769711,12-31-2019,null,06-30-2020,null,230
MRSTX045720,BAKER HUGHES GE EMMOTT RD HOUSTON ISE NSB,Active,IB ALL,IB-New Site,2020,CR_-RSTX-18-09345,CENTRAL,SOUTH TEXAS,HOUSTON,null,null,New Site,ISE,IB-New Site,null,14769712,12-31-2019,null,10-17-2020,null,315
MRSTX045722,ROYAL BANK OF CANADA HOUSTON ISE NSB,Active,IB ALL,IB-New Site,2020,CR_-RSTX-18-09346,CENTRAL,SOUTH TEXAS,HOUSTON,null,null,New Site,ISE,IB-New Site,null,14769714,12-31-2019,null,10-21-2020,null,316
MRNTX045160,TRAMMEL CROW TOWER ISE NSB,Active,IB ALL,IB-New Site,2020,CR_-RNTX-18-09175,CENTRAL,NORTH TEXAS,DALLAS FT. WORTH,null,null,New Site,ISE,IB-New Site,null,14769715,12-31-2019,null,06-30-2020,null,228
MRIND035366,GENERAL MOTORS WTC CADILAC ISE NSB,Active,IB ALL,IB-New Site,2020,NER-RIND-18-06844,CENTRAL,MICHIGAN/INDIANA,DETROIT,null,null,New Site,ISE,IB-New Site,null,14769717,12-31-2019,null,11-15-2020,null,124
MRIND035739,OAKLAND CO ROAD COMMISSION ISE SMALLCELL,Active,IB ALL,IB-Small Cell,2020,NER-RIND-18-06946,CENTRAL,MICHIGAN/INDIANA,DETROIT,null,null,Small Cell,Indoor MultiStandard (UC2),IB-Small Cell,null,14775105,12-31-2019,null,05-22-2020,null,136
MRSTX046652,FACEBOOK NUECES AUSTIN ISE NSB,Active,IB ALL,IB-New Site,2020,CR_-RSTX-18-09363,CENTRAL,SOUTH TEXAS,AUSTIN,null,null,New Site,ISE,IB-New Site,null,14776143,12-31-2019,null,09-27-2020,null,318
MRUMW030842,CITY OF DULUTH ISE NSB,Active,IB ALL,IB-New Site,2020,CR_-RUMW-18-09573,CENTRAL,NORTHERN PLAINS,MINNESOTA,null,null,New Site,ISE,IB-New Site,null,14776144,12-31-2019,null,01-31-2020,null,359
MRKSL030950,ST. LOUIS COUNTY EMERGENCY MGMT ISE NSB,Active,IB ALL,IB-New Site,2020,CR_-RKSL-18-10443,CENTRAL,GREATER MIDWEST,ST. LOUIS,null,null,New Site,ISE,IB-New Site,null,14776146,10-31-2019,null,07-01-2020,null,172
MROAR027760,CHICKASAW CASINO NEWCASTLE OK ISE NSB,Active,IB ALL,IB-New Site,2020,CR_-ROAR-18-04733,CENTRAL,ARKANSAS/OKLAHOMA,OKLAHOMA CITY,null,null,New Site,ISE,IB-New Site,null,14777322,12-31-2019,null,09-30-2020,null,263
MRCHI040034,TREK WATERLOO WI ISE NSB,Active,IB ALL,IB-New Site,2020,CR_-RCHI-18-06591,CENTRAL,ILLINOIS/WISCONSIN,WISCONSIN,null,null,New Site,ISE,IB-New Site,null,14793966,10-31-2019,null,12-31-2020,null,88
MRUMW031363,UNITED HEALTH GROUP EDEND PRAIRIE MN ISE NSB,Active,IB ALL,IB-New Site,2020,CR_-RUMW-18-09736,CENTRAL,NORTHERN PLAINS,MINNESOTA,null,null,New Site,ISE,IB-New Site,null,14799262,10-31-2019,null,12-31-2020,null,355
MRSTX048410,DOW CHEMICAL ENCLAVE PKWY HOUSTON ISE NSB,Active,IB ALL,IB-New Site,2020,CR_-RSTX-18-11381,CENTRAL,SOUTH TEXAS,HOUSTON,null,null,New Site,ISE,IB-New Site,null,14799263,10-31-2019,null,10-01-2020,null,328
MRIND036355,BELDEN WIRE & CABLE INDIANAPOLIS ISE NSB,Active,IB ALL,IB-New Site,2020,NER-RIND-18-07386,CENTRAL,MICHIGAN/INDIANA,INDIANAPOLIS,null,null,New Site,ISE,IB-New Site,null,14799268,10-31-2019,null,11-15-2020,null,133
MRIND036354,Indianapolis Motor Speedway - NSB DAS,Active,IB ALL,IB-New Site,2020,NER-RIND-18-07388,CENTRAL,MICHIGAN/INDIANA,INDIANAPOLIS,null,null,New Site,iDAS,IB-New Site,null,14799277,04-30-2020,null,05-30-2020,null,132
MRSTX049097,OMNI HOTEL HOUSTON GALLERIA - REPLACEMENT NSB DAS,Active,IB ALL,IB-New Site,2020,CR_-RSTX-18-14634,CENTRAL,SOUTH TEXAS,HOUSTON,null,null,New Site,iDAS,IB-New Site,null,14812906,01-31-2019,null,01-30-2020,null,320
MRIND036358,NORTH CAMPUS RESEARC CTR ISE NSB,Active,IB ALL,IB-New Site,2020,NER-RIND-18-07395,CENTRAL,MICHIGAN/INDIANA,DETROIT,null,null,New Site,ISE,IB-New Site,null,14812926,10-31-2019,null,06-30-2020,null,134
MRNTX046897,FACEBOOK FTW I23 FT. WORTH TX ISE NSB,Active,IB ALL,IB-New Site,2020,CR_-RNTX-18-13358,CENTRAL,NORTH TEXAS,DALLAS FT. WORTH,null,null,New Site,ISE,IB-New Site,null,14825962,10-31-2019,null,06-30-2020,null,234
MRNTX046874,PIONEER NATURAL RESOURCES MIDLAND TX (ERICSSON-HET NET) ISE NSB,Active,IB ALL,IB-New Site,2020,CR_-RNTX-18-13355,CENTRAL,NORTH TEXAS,WEST TEXAS,null,null,New Site,ISE,IB-New Site,null,14828649,10-31-2019,null,06-30-2020,null,231
MRUMW031374,FACEBOOK PNB1-2 SPRINGFIELD NE ISE NSB,Active,IB ALL,IB-New Site,2020,CR_-RUMW-18-09854,CENTRAL,NORTHERN PLAINS,NEBRASKA,null,null,New Site,ISE,IB-New Site,null,14828651,10-31-2019,null,12-31-2020,null,357
MRIND036499,IMPD REGIONAL OP CTR IN ISE NSB,Active,IB ALL,IB-New Site,2020,NER-RIND-18-07455,CENTRAL,MICHIGAN/INDIANA,INDIANAPOLIS,null,null,New Site,ISE,IB-New Site,null,14828652,10-31-2019,null,10-31-2020,null,137
MRNTX046876,PIONEER HDQTRS IRVING TX ISE NSB,Active,IB ALL,IB-New Site,2020,CR_-RNTX-18-13357,CENTRAL,NORTH TEXAS,DALLAS FT. WORTH,null,null,New Site,ISE,IB-New Site,null,14828654,10-31-2019,null,06-30-2020,null,233
MRKSL031494,BARNES BJC WEST CREVE COEUR MO ISE NSB,Active,IB ALL,IB-New Site,2020,CR_-RKSL-18-10622,CENTRAL,GREATER MIDWEST,ST. LOUIS,null,null,New Site,ISE,IB-New Site,null,14838753,10-31-2019,null,01-17-2020,null,174
MRKSL031503,AMC HDQTRS LEAWOOD KANSAS (SPIDERCLOUD) ISE SMALL CELL,Active,IB ALL,IB-Small Cell,2020,CR_-RKSL-18-10643,CENTRAL,GREATER MIDWEST,KANSAS CITY,null,null,Small Cell,Indoor MultiStandard (UC2),IB-Small Cell,null,14866249,10-31-2019,null,09-03-2020,null,180
